force.x, force.y, force.z, accel.x, accel.y, accel.z, posit.pos.x, posit.pos.y, posit.pos.z, posti.ori.x, posit.ori.y, posit.ori.z, posti.ori.w
-0.00430027323139, -0.00010168945626, -0.173315117907, -0.00614324747342, -0.0001452706518, -0.247593025581, 0.00737012348316, -7.90536844812e-08, -0.000127765423788, 0.00535672136978, 1.50025300734e-09, 0.0499962989029, 6.69409829307e-13, 3.7014826695e-05, -1.96409830321e-08, 0.999999999315
0.0943984278492, -1.20971168332e-09, -0.0998951899452, 0.134854896927, -1.72815954759e-09, -0.142707414207, 0.0689612300445, 4.51444206911e-12, 4.66699568578e-05, 0.0318063521118, 1.37744625921e-09, 0.0499963605361, -5.77376584596e-13, -3.63986117676e-05, -1.58628324056e-08, 0.999999999338
0.191687084927, 4.5233954288e-10, 0.0741943382, 0.273838692753, 6.46199346972e-10, 0.105991911714, 0.273032700665, 3.9385921324e-12, 4.38666879696e-05, 0.191001282228, 1.38098846803e-09, 0.049996359027, -4.98791475692e-13, -3.64137023261e-05, -1.36987657605e-08, 0.999999999337
0.290717403893, 3.0641094732e-10, 0.125506407123, 0.419493729247, -1.33188314264e-09, -0.109105759322, 0.618708545244, 2.32672528481e-12, -6.95814665257e-05, 0.624528135012, 1.38404112494e-09, 0.0499963794826, -4.28426801144e-13, -3.6209197355e-05, -1.18333940478e-08, 0.999999999344
0.39434336321, -1.30933522357e-10, -0.136224213994, 0.563347661728, -1.87047889081e-10, -0.194606019992, 1.10694477164, 2.11199495392e-12, -9.41979927556e-05, 1.47341944366, 1.38667595973e-09, 0.0499962990633, 3.78626921848e-13, 3.70132712013e-05, -1.02235374364e-08, 0.999999999315
-0.10435891663, -9.41884898797e-11, 0.0972611086824, -0.149084166615, -1.34554985542e-10, 0.138944440975, 1.27598341804, 1.9636376712e-12, 0.000100803755133, 2.75303118238, 1.38895717031e-09, 0.0499963955614, -3.18228887365e-13, -3.60483610163e-05, -8.83013471231e-09, 0.99999999935
-0.104322454677, -1.16654333897e-10, 0.0948303118037, -0.145554065535, -4.8623281092e-10, -0.0963956309844, 1.12898341448, 1.67693058071e-12, 0.000101040839606, 3.95544261244, 1.39092895836e-09, 0.0499963979491, -2.74609657202e-13, -3.60244792671e-05, -7.62552179534e-09, 0.999999999351
-0.101913466178, -2.76425159867e-10, -0.0657689214714, -0.145590665968, -3.94893085524e-10, -0.093955602102, 0.982277977902, 2.0168140151e-12, 6.3479437977e-05, 5.00888992669, 1.39262868512e-09, 0.0499963298011, -2.41683801992e-13, -3.67060543836e-05, -6.58718601016e-09, 0.999999999326
-0.10189298842, -5.54481160458e-10, -0.0671341053581, -0.145561412028, -7.92115943511e-10, -0.0959058647973, 0.836603006819, 1.06035670364e-12, -7.1781665183e-05, 5.91007255548, 1.39408714095e-09, 0.0499962592456, 2.13273150709e-13, 3.7411568078e-05, -5.69607198055e-09, 0.9999999993
-0.104425475766, -1.13951364785e-10, 0.101698384379, -0.149179251094, -1.62787663978e-10, 0.145283406255, 0.690041212334, 1.01235314298e-12, 0.000114517343768, 6.67103173659, 1.395355515e-09, 0.0499964053504, -1.76795434277e-13, -3.59504689923e-05, -4.92120656385e-09, 0.999999999354
-0.104383512793, -1.25162853437e-10, 0.0989008528538, -0.14911930399, -1.78804076338e-10, 0.141286932648, 0.54304119844, 8.58032261371e-13, 0.000115443566098, 7.28750116663, 1.39645440011e-09, 0.0499964087518, -1.52509421464e-13, -3.59164494488e-05, -4.24987940203e-09, 0.999999999355
-0.101705164353, 2.74947326972e-11, -0.0796557097836, -0.150404601556, 5.03702894256e-10, 0.226973437062, 0.397073803632, 5.02960205743e-13, -0.000124902524118, 7.75459213514, 1.39739806873e-09, 0.0499963423119, -1.34237535284e-13, -3.65809756602e-05, -3.67337070347e-09, 0.999999999331
-0.101689918451, 4.53301484788e-11, -0.0806721032477, -0.150505775126, 4.38477493554e-10, 0.233718341756, 0.249923322641, 8.58134355407e-13, 0.00010716349281, 8.07844297322, 1.39821995681e-09, 0.049996400788, -1.14014376917e-13, -3.59960330709e-05, -3.17135555542e-09, 0.999999999352
-0.105225332921, 7.04707637108e-11, 0.155022194759, -0.150321904173, 1.00672519587e-10, 0.221460278227, 0.103510756, 5.66118045683e-13, 0.000144939550586, 8.25388241291, 1.39892392782e-09, 0.0499963885986, -9.88568467487e-14, -3.61180684276e-05, -2.74116311447e-09, 0.999999999348
0.103274753306, -1.39968673216e-09, 0.0249835537527, 0.147535361866, -1.99955247452e-09, 0.0356907910752, 0.00717157047344, -7.70973916875e-13, 5.59891039329e-05, 8.29253017673, 1.91283127091e-09, 0.0499964146819, 2.28814196834e-13, 3.58570493298e-05, -6.39643844895e-09, 0.999999999357
0.103509955353, -2.5066865548e-09, 0.0406636902054, 0.14787136479, -3.58098079257e-09, 0.0580909860076, 0.0071692877337, -1.85561227021e-12, -5.90410387363e-08, 8.29961265644, 2.01175985539e-09, 0.0499963447564, 2.38035009584e-13, 3.65563755029e-05, -6.50424738876e-09, 0.999999999332
-0.103305019837, 1.86328787304e-09, 0.0270013224685, 0.146101458236, -2.1091612649e-09, -0.059902784275, 0.00716545023472, -1.29386466018e-12, -6.09835271374e-05, 8.3066990847, 2.00498192789e-09, 0.0499963344907, -2.01431185687e-13, -3.66590222572e-05, -5.48841627019e-09, 0.999999999328
0.102461502595, -5.42485276967e-10, -0.0292331603325, 0.146373575136, -7.74978967096e-10, -0.0417616576178, 0.00716136488796, -1.80521701056e-13, 2.203433861e-05, 8.31376829119, 2.0455748471e-09, 0.049996428691, 1.71391123878e-13, 3.57168796733e-05, -5.1392358389e-09, 0.999999999362
-0.10337231082, 1.62995100404e-09, 0.0314873879946, -0.147674729743, 2.32850143434e-09, 0.0449819828494, 0.00701121983418, 1.18942459618e-12, -2.19514179567e-05, 8.32083402422, 2.06700736523e-09, 0.0499963309807, -1.72711827407e-13, -3.66941314673e-05, -4.70070255506e-09, 0.999999999327
-0.102027622468, 5.43786833849e-10, -0.058158502137, -0.145753746383, 7.76838334071e-10, -0.0830835744814, 0.00700858557032, 9.37234344718e-13, -6.17104324664e-05, 8.32790343923, 2.00980824311e-09, 0.04999637053, -1.32255421662e-13, -3.62984948697e-05, -3.63780468412e-09, 0.999999999341
-0.103447549935, 1.28207344785e-09, 0.0365033290147, -0.147782214193, 1.83153349694e-09, 0.0521476128782, 0.00700389933264, 9.31666258846e-13, -2.11485335594e-05, 8.33495506761, 2.06223356158e-09, 0.0499963273459, -1.33192698526e-13, -3.67304881511e-05, -3.62042158938e-09, 0.999999999325
0.102311166163, -1.22366976611e-09, -0.039255589142, -0.148012606618, 1.11045941816e-09, 0.0675071078603, 0.00714675494696, -1.29694574135e-12, 2.04536833218e-05, 8.34201006712, 2.11418923765e-09, 0.0499964359773, 1.50087095925e-13, 3.56439988938e-05, -3.60551143774e-09, 0.999999999365
-0.102745100078, 1.11850049864e-09, -0.0103266614838, 0.14547089247, -9.45117594795e-10, -0.101940502003, 0.00714320979862, -6.26730230833e-13, -5.39974200944e-05, 8.34908227762, 2.14374099935e-09, 0.0499963899219, 1.1936636721e-13, 3.61045453639e-05, -3.34768242512e-09, 0.999999999348
0.101999490059, -8.41422913296e-10, -0.0600339960853, 0.145713557227, -1.20203273328e-09, -0.0857628515504, 0.00713917338126, -7.94286885936e-13, -8.10242752547e-05, 8.35605139719, 2.17438781674e-09, 0.0499963528738, 1.15993764678e-13, 3.64750670231e-05, -3.19072101185e-09, 0.999999999335
0.101801105121, -4.2706852163e-10, -0.0732596585957, 0.145430150173, -6.10097888042e-10, -0.104656655137, 0.00713406481452, -3.06663027941e-13, -2.99580424644e-05, 8.36307281597, 2.28215503734e-09, 0.0499964156455, 1.28242378667e-13, 3.58472889523e-05, -3.81202658826e-09, 0.999999999357
-0.104055111085, 1.20856525e-09, 0.0770074056657, -0.148650158693, 1.72652178571e-09, 0.110010579522, 0.00698249547958, 6.53169372074e-13, 3.29315406802e-05, 8.37011086535, 2.2902000413e-09, 0.0499963455958, -1.21614500443e-13, -3.65480281511e-05, -3.33134694971e-09, 0.999999999332
-0.103877142907, 1.09688401677e-09, 0.0651428604499, -0.148395918438, 1.56697716681e-09, 0.0930612292141, 0.00697829925208, 3.65190165312e-13, 9.33540119435e-05, 8.37716549043, 2.41259926095e-09, 0.0499964165202, -1.45203196786e-13, -3.58387159697e-05, -4.05527116191e-09, 0.999999999358
0.10189403894, -9.13489008429e-10, -0.0670640706815, 0.145562912771, -1.30498429776e-09, -0.0958058152593, 0.00712056747532, -8.91178105419e-13, -9.79215602182e-05, 8.38419410984, 2.38883692155e-09, 0.0499963421948, 1.20292640873e-13, 3.65818561486e-05, -3.29593754996e-09, 0.999999999331
-0.103338942657, 1.42094117438e-09, 0.0292628438316, -0.147627060939, 2.0299159634e-09, 0.0418040626165, 0.0069671329632, 1.07463854764e-12, -5.49053349587e-05, 8.39117523729, 2.45757553686e-09, 0.049996299992, -1.32829797019e-13, -3.70040373e-05, -3.58387115558e-09, 0.999999999315
-0.101469844511, 1.71210514188e-09, -0.095343699268, -0.14495692073, 2.4458644884e-09, -0.136205284669, 0.00696415322712, 1.87988148013e-12, -8.0321879356e-05, 8.39820043481, 2.92758599148e-09, 0.0499963848157, -2.97688472641e-13, -3.61555814877e-05, -8.22652034182e-09, 0.999999999346
-0.102938120427, 2.2084670301e-09, 0.00254136182597, -0.147054457753, 3.15495290015e-09, 0.00363051689425, 0.00695797812015, 8.7618984045e-13, 8.89506202557e-05, 8.40522007542, 3.73772125124e-09, 0.0499964675014, -5.57546478812e-13, -3.53287876597e-05, -1.5781991718e-08, 0.999999999376
-0.104443609379, 5.98761632862e-09, 0.102907291965, -0.149205156256, 8.55373761232e-09, 0.147010417093, 0.00695038605177, 3.13671994052e-12, 5.52161861097e-05, 8.41223390467, 3.99288188616e-09, 0.0499963449682, -5.96527078439e-13, -3.65543380737e-05, -1.63189657597e-08, 0.999999999332
0.101284588468, -2.80976387698e-09, -0.107694102104, 0.144692269241, -4.01394839569e-09, -0.153848717292, 0.00709076415978, -3.25105625438e-12, -5.98722943692e-05, 8.4192347157, 4.26783738866e-09, 0.0499964161937, 6.18179847105e-13, 3.58417633006e-05, -1.71839832692e-08, 0.999999999358
-0.101436261888, 1.9593930422e-09, -0.0975825408058, -0.144908945554, 2.79913291743e-09, -0.139403629723, 0.00694068530545, 2.14353128081e-12, -1.76876414012e-05, 8.4262431161, 4.41838115052e-09, 0.0499964494361, -5.89088162194e-13, -3.55093292346e-05, -1.65898596975e-08, 0.99999999937
0.104445354067, -7.01855077851e-09, 0.103023604453, 0.149207648667, -1.00265011122e-08, 0.147176577789, 0.00708055313223, -4.20159012599e-12, 2.13063894355e-05, 8.43323100293, 4.65748200994e-09, 0.0499963109526, 6.22147994751e-13, 3.68945193744e-05, -1.6856669304e-08, 0.999999999319
-0.104065492991, 7.22032411117e-09, 0.0776995327086, -0.148664989987, 1.03147487302e-08, 0.110999332441, 0.00692324306999, 4.92323057483e-12, -2.90577714147e-05, 8.44022587439, 4.82858300673e-09, 0.0499962829889, -6.10198219607e-13, -3.71741443897e-05, -1.64145544425e-08, 0.999999999309
-0.101185760157, 5.13453505326e-09, -0.114282656179, -0.144551085939, 7.33505007609e-09, -0.163260937399, 0.00691836269227, 4.73292684228e-12, -0.000135663565085, 8.44720660369, 5.06217444862e-09, 0.0499963462251, -6.12064649783e-13, -3.65414910223e-05, -1.67498249793e-08, 0.999999999332
0.100882475182, -3.31178475247e-09, -0.134501654545, 0.144117821688, -4.73112107496e-09, -0.192145220779, 0.0070553553392, -4.23822089094e-12, -0.000111589019703, 8.45418690952, 5.34335903523e-09, 0.0499963881899, 6.37380720097e-13, 3.6121787495e-05, -1.76245878567e-08, 0.999999999348
-0.101072777702, 7.17350863681e-09, -0.121814819863, -0.144389682431, 1.02478694812e-08, -0.174021171233, 0.00690272207121, 4.69765281952e-12, -0.000150067415051, 8.46113128346, 5.48565877466e-09, 0.0499963384839, -6.18856632148e-13, -3.66188986761e-05, -1.68997044671e-08, 0.99999999933
-0.10285055995, 7.75057875593e-09, -0.00329600333146, 0.143879126892, -4.70260270093e-09, -0.208058207172, 0.00689187929804, 6.67301104182e-12, -0.000130644815336, 8.46810243053, 5.73844383422e-09, 0.0499962530517, -6.5351692128e-13, -3.74734327501e-05, -1.74391914649e-08, 0.999999999298
0.102911200836, -1.21428793128e-06, 0.000746722419016, 0.147016001195, -1.73469704468e-06, 0.00106674631288, 0.00703064236236, 4.14164250541e-10, 0.000134704505968, 8.47504421575, 5.92135346694e-09, 0.0499965148471, 5.91203011564e-13, 3.48552947307e-05, -1.69608675266e-08, 0.999999999393
-0.103776824986, 1.97158050497e-09, 0.0584549990823, -0.148252607123, 2.81654357853e-09, 0.0835071415461, 0.00687608407496, -3.74553449331e-13, 0.000172111624659, 8.48199084563, 6.0904384713e-09, 0.0499965012016, -5.78528452131e-13, -3.49918316412e-05, -1.65333744812e-08, 0.999999999388
-0.105056618615, -8.98661877915e-09, 0.143774574339, -0.150080883736, -1.28380268274e-08, 0.205392249055, 0.00686355825661, 1.02181424368e-11, 2.69296997273e-05, 8.48892129385, 6.28921171802e-09, 0.0499962805232, -6.11457761234e-13, -3.71988888468e-05, -1.64375745367e-08, 0.999999999308
-0.10525837389, 5.23759329763e-09, 0.157224926011, -0.150369105557, 7.48227613947e-09, 0.224607037158, 0.00685512720691, 5.45979407743e-13, 0.000180407511824, 8.49585585774, 6.44449605817e-09, 0.0499964221144, -5.69066784343e-13, -3.57828881239e-05, -1.59035194753e-08, 0.99999999936
-0.103168002984, 8.82368182531e-10, 0.01786686558, 0.150907327595, -9.46414156798e-09, 0.260488506366, 0.00684664442792, -9.83524282103e-13, 0.000171040883239, 8.50278028827, 6.80976076057e-09, 0.04999653604, -6.14235152066e-13, -3.46433710552e-05, -1.77300903684e-08, 0.9999999994
0.102670691586, -8.00711057809e-09, -0.0152872275953, 0.146672416552, -1.14387293973e-08, -0.0218388965647, 0.00698355700435, -7.24529730495e-12, -0.000176662680595, 8.5096733963, 6.90398647516e-09, 0.0499962176389, 6.17574146245e-13, 3.78275708996e-05, -1.63220616865e-08, 0.999999999285
-0.103867503824, 8.73560707062e-09, 0.0645002549584, -0.148382148321, 1.24794386723e-08, 0.0921432213691, 0.00682062418399, 6.81340913499e-12, -0.000117854107334, 8.51654154858, 7.09131262513e-09, 0.0499962058627, -6.10911041889e-13, -3.79454452052e-05, -1.60997318828e-08, 0.99999999928
0.102769447373, -9.06680604405e-09, -0.00870350844952, 0.146813496248, -1.29525800629e-08, -0.0124335834993, 0.00681417405889, 4.80343201967e-12, -0.000174886386865, 8.52341896682, 7.43725941744e-09, 0.049996388476, -6.3754533479e-13, -3.61188377577e-05, -1.7651236837e-08, 0.999999999348
-0.102965124986, -5.61916946984e-11, 0.00434166571001, -0.147093035694, -8.02738495691e-11, 0.00620237958572, 0.00694333219802, -2.77309584178e-12, -0.000111804856154, 8.53029131126, 7.53845076132e-09, 0.0499964570671, 5.81305961923e-13, 3.54328717892e-05, -1.64319480857e-08, 0.999999999372
0.104199475497, -1.063831353e-09, 0.0866316997743, 0.148856393567, -1.51975907571e-09, 0.123759571106, 0.0069332903862, 1.74730192703e-12, 0.000244573604571, 8.53714412642, 7.74505383516e-09, 0.0499965487414, 5.67752526467e-13, 3.45164340279e-05, -1.64414017978e-08, 0.999999999404
-0.104304635272, 9.71292901284e-09, 0.0936423514483, -0.149006621817, 1.38756128755e-08, 0.133774787783, 0.00677002737995, 7.34528999058e-12, -0.00012218044965, 8.54394948565, 7.92176112602e-09, 0.0499961757535, -6.17830782141e-13, -3.82465984683e-05, -1.61538383236e-08, 0.999999999269
0.104181550901, -6.17769397137e-10, 0.0854367267333, -0.152246661488, 1.16488367595e-08, 0.349777432549, 0.00690577145705, 2.26692747507e-12, 0.00026309392576, 8.55079616444, 8.18718647107e-09, 0.0499965683206, 5.72966400191e-13, 3.43206262571e-05, -1.66873642293e-08, 0.999999999411
0.106256072915, -1.0327821044e-08, 0.22373819434, 0.151794389879, -1.47540300628e-08, 0.319625991915, 0.00689505096516, -5.46863380971e-12, 4.74719732381e-05, 8.55760789675, 8.47714665251e-09, 0.0499962303221, 6.65105605296e-13, 3.77010439126e-05, -1.76369529221e-08, 0.999999999289
-0.105438867369, 1.12810035724e-08, 0.169257824579, -0.150626953384, 1.61157193892e-08, 0.241796892256, 0.00687772683305, 4.70066854237e-13, 0.000279650664016, 8.5644114733, 8.66629959052e-09, 0.0499961695385, -6.68012853632e-13, -3.83088535643e-05, -1.74370792471e-08, 0.999999999266
-0.0991968712916, 3.68545999046e-09, -0.246875247224, -0.141709816131, 5.26494284351e-09, -0.352678924606, 0.00671510930224, 6.67691795651e-12, -0.000294339429631, 8.57119269555, 8.72587233632e-09, 0.0499963048441, -5.83700308722e-13, -3.69551629126e-05, -1.5786140897e-08, 0.999999999317
0.0985339111242, -1.81319142706e-09, -0.291072591721, 0.140762730177, -2.59027346723e-09, -0.415817988173, 0.00684046180377, -5.43166439014e-12, -0.000242632824533, 8.57795773149, 9.12703602265e-09, 0.0499966382907, -6.05973978884e-13, -3.36206524359e-05, -1.80237836671e-08, 0.999999999435
-0.107452808581, 6.31991225858e-09, 0.30352057207, -0.153504012259, 9.02844608368e-09, 0.433600817242, 0.00667706507206, 1.38197092717e-12, 0.000257786584002, 8.58470576151, 9.25700569702e-09, 0.04999637007, -6.17554653017e-13, -3.6303563022e-05, -1.70105741398e-08, 0.999999999341
0.0981730180899, -1.67117992391e-09, -0.315132127338, 0.1402471687, -2.3873998913e-09, -0.45018875334, 0.0068047120853, -5.33598862542e-12, -0.000273660963135, 8.59142941914, 9.39992389919e-09, 0.0499963859133, 5.90688829365e-13, 3.61443326251e-05, -1.63425107189e-08, 0.999999999347
0.0989978604899, -4.95322393289e-05, -0.234184812128, 0.141425514986, -7.07603418984e-05, -0.334549731611, 0.0067852226517, -7.07640940143e-08, 4.0420677962e-05, 8.59811444471, 9.62925838758e-09, 0.0499966281965, 5.32198901265e-10, 3.37214195424e-05, -1.75750877479e-08, 0.999999999431
-0.103005922606, 1.19141211482e-08, 0.00706150709636, -0.147151318009, 1.70201730689e-08, 0.0100878672805, 0.00661906435282, 1.09674653638e-11, -0.00029774203522, 8.60482712784, 9.86594547347e-09, 0.0499960767772, -6.67298428498e-13, -3.92363191097e-05, -1.70068475441e-08, 0.99999999923
-0.0984602028734, -6.0735821137e-05, -0.29598647511, -0.140657432676, -8.67654587672e-05, -0.422837821586, 0.00660278755409, 2.32393288531e-08, -0.000395325176737, 8.61147292846, 1.0188198823e-08, 0.0499962472991, -5.88869854817e-13, -3.75305908606e-05, -1.76964413445e-08, 0.999999999296
-0.107122209558, 1.25515537073e-08, 0.281480637231, -0.153031727941, 1.79307910105e-08, 0.402115196045, 0.00672824765694, -1.04941535731e-11, -0.00042283900628, 8.61810453362, 1.01844263234e-08, 0.0499961317589, 6.18723175819e-13, 3.86861973798e-05, -1.59885316748e-08, 0.999999999252
-0.108624373752, 1.66139526768e-05, 0.3816249168, -0.155177676789, 2.37342181098e-05, 0.545178452571, 0.00655374823426, -5.65703756663e-09, 0.000365441717039, 8.62475409953, 1.05242834558e-08, 0.0499964086345, -6.30673614697e-13, -3.59179909365e-05, -1.74338147162e-08, 0.999999999355
-0.103501910657, 1.32949642586e-08, 0.0401273771449, -0.147859872367, 1.89928060837e-08, 0.0573248244927, 0.00653086856381, 1.19376676122e-11, -0.000329393325801, 8.63136078648, 1.06476289889e-08, 0.0499960158693, -6.59121629483e-13, -3.98454861194e-05, -1.65417097546e-08, 0.999999999206
0.101177328183, -1.28451333998e-07, -0.114844787769, 0.144539040262, -1.83501905712e-07, -0.164063982528, 0.00665824475699, 2.77762250186e-11, -0.000443421800825, 8.63795029956, 1.08119686351e-08, 0.0499960389388, 6.37953679216e-13, 3.96145695809e-05, -1.6097922615e-08, 0.999999999215
-0.104592525864, -3.17471485708e-09, 0.112835057589, -0.149417894091, -4.53530693868e-09, 0.161192939413, 0.00648819565084, -6.60847109526e-12, 0.000460372429525, 8.64450150615, 1.10284200774e-08, 0.0499967413769, -5.24434239937e-13, -3.25899686004e-05, -1.60923506893e-08, 0.999999999469
-0.0980426398395, -7.36056308962e-09, -0.3238240107, 0.152848916717, -3.70878766644e-09, 0.38992778112, 0.00660356079301, 7.37235904262e-12, 0.000527939715262, 8.65103999376, 1.13276045234e-08, 0.0499966672938, 5.72224375675e-13, 3.33310547733e-05, -1.71632314471e-08, 0.999999999445
0.100105665508, 7.37287599701e-09, -0.186288966163, 0.143008093582, 1.05326799957e-08, -0.266127094519, 0.00657246026832, 6.24472780329e-12, 0.000262709918741, 8.65755767376, 1.15053383523e-08, 0.0499968083397, 5.37703097934e-13, 3.19199351887e-05, -1.68277866322e-08, 0.999999999491
0.110420271271, -7.96864948593e-09, 0.501351418088, 0.157743244673, -1.13837849799e-08, 0.716216311554, 0.00655198003061, 9.84357322131e-13, 0.000453373824478, 8.66403386212, 1.16561038681e-08, 0.049996390651, 5.84186613847e-13, 3.60980009076e-05, -1.61810750717e-08, 0.999999999348
-0.110852505781, 1.26079512639e-08, 0.530167052056, -0.158360722544, 1.80113589485e-08, 0.757381502937, 0.0063657848101, 3.12711331831e-12, 0.000306936693982, 8.67048692487, 1.19150049841e-08, 0.0499962187078, -6.34122512341e-13, -3.78176121933e-05, -1.67674351796e-08, 0.999999999285
-0.100199426715, 1.32746278867e-08, -0.180038219031, -0.143142038164, 1.89637541239e-08, -0.257197455758, 0.00633636339032, 1.55197974575e-11, -0.000588436617845, 8.67690259014, 1.21279424133e-08, 0.0499959515906, -6.81596988887e-13, -4.0488026768e-05, -1.68259506972e-08, 0.99999999918
0.097285630906, -9.54471884104e-09, -0.374291272933, 0.138979472723, -1.36353126301e-08, -0.534701818476, 0.00645290953966, -1.49458515103e-11, -0.000656437436728, 8.68329252245, 1.2390890179e-08, 0.0499960554453, 6.89941128376e-13, 3.9449158104e-05, -1.7484038375e-08, 0.999999999222
-0.111986382475, 1.09600272852e-08, 0.605758831646, 0.151017059291, -2.85469381015e-08, 0.267803952762, 0.00642643101094, -1.62148840464e-11, -0.000369998723888, 8.6896548713, 1.26401033455e-08, 0.0499958449108, 7.47032166847e-13, 4.15554001648e-05, -1.79731042382e-08, 0.99999999933
0.0934545773688, 1.52476450422e-09, -0.62969484208, 0.133506539098, 2.17823500603e-09, -0.899564060114, 0.00637558917165, -7.65228318318e-12, -0.000526500563384, 8.69596943527, 1.28158033892e-08, 0.0499964113574, 6.31537633784e-13, 3.58894998344e-05, -1.75937099555e-08, 0.999999999356
0.103267265392, 8.92642973061e-09, 0.0244843594911, 0.147524664846, 1.27520424723e-08, 0.0349776564159, 0.00634075471062, 1.1237452605e-11, 0.000594259114449, 8.70224724794, 1.29105405928e-08, 0.0499969534421, 4.97370875488e-13, 3.04690543998e-05, -1.63179717122e-08, 0.999999999536
0.113064989306, -1.57421344039e-08, 0.677665953712, 0.161521413294, -2.24887634341e-08, 0.968094219588, 0.00631306382792, -3.96825159657e-12, 0.00035915753661, 8.70848673893, 1.31677785536e-08, 0.0499961404401, 6.4956206997e-13, 3.86005603182e-05, -1.68271303336e-08, 0.999999999255
-0.111990954649, -4.83567633085e-10, 0.60606364329, 0.141166140455, -1.76093719169e-07, -0.388923969673, 0.00626891621899, 1.76998755239e-11, -0.000776984705922, 8.71468632321, 1.33910928303e-08, 0.049995844607, 7.06714218593e-13, 4.15578140542e-05, -1.6996636676e-08, 0.999999999136
-0.106941030547, -7.15630259391e-09, 0.269402036463, -0.152772900781, -1.02232894199e-08, 0.38486005209, 0.00607790809678, -1.36973214818e-11, 0.000804830688544, 8.72083790705, 1.36204714375e-08, 0.049996947349, -5.25757213368e-13, -3.05302829642e-05, -1.72210354977e-08, 0.999999999534
-0.113043550565, 4.40704312847e-08, 0.676236704344, -0.161490786522, 6.29577589781e-08, 0.966052434778, 0.00601872865521, 2.50976649857e-12, 0.000131964618794, 8.72695226571, 1.38442386866e-08, 0.0499959144929, -7.11356926628e-13, -4.08602214122e-05, -1.73990361423e-08, 0.999999999165
0.110497965967, -2.4776470965e-08, 0.506531064454, 0.157854237095, -3.53949585214e-08, 0.723615806363, 0.00614238868091, -1.61765364683e-11, -0.000201442682831, 8.73302714501, 1.40305230117e-08, 0.0499957311979, 7.33008237425e-13, 4.26930752202e-05, -1.71683439672e-08, 0.999999999089
-0.104076743643, -1.3129167705e-08, 0.0784495762139, 0.16529307705, -1.96873268462e-08, 1.21953846999, 0.0059398557839, -1.68918429182e-11, 0.000797935043329, 8.73906655647, 1.42919317699e-08, 0.049997109393, -5.13043652228e-13, -2.89094947307e-05, -1.77469159952e-08, 0.999999999582
-0.0895369813014, -4.23294289367e-09, -0.890867913237, -0.127909973288, -6.04706127668e-09, -1.27266844748, 0.00589437657976, 8.58378900475e-12, -0.000729432200957, 8.74502627395, 1.44135364896e-08, 0.0499964394801, -5.94906058432e-13, -3.56079566574e-05, -1.67076552843e-08, 0.999999999366
-0.0969228726454, 1.72657342617e-08, -0.398475156971, -0.138461246636, 2.46653346596e-08, -0.569250224244, 0.00582599922465, 2.33726629e-11, -0.00101900315641, 8.75095814828, 1.46567500868e-08, 0.0499957142477, -7.24514133953e-13, -4.2861325513e-05, -1.68957689099e-08, 0.999999999081
-0.0909336614369, -1.81584512841e-08, -0.797755904204, -0.129905230624, -2.59406446916e-08, -1.13965129172, 0.00579239633816, -6.94269802591e-12, -7.82848792915e-05, 8.75682411921, 1.49469356284e-08, 0.0499970083039, -5.31850355454e-13, -2.99194928146e-05, -1.77768903597e-08, 0.999999999552
0.0944270064905, 2.22849806144e-08, -0.564866233965, -0.126824001501, 1.63983689781e-09, -1.34506656659, 0.00585072616743, 1.50131219686e-11, 0.000333148510367, 8.76263964141, 1.52299737257e-08, 0.0499972137271, 5.17987174447e-13, 2.78653776834e-05, -1.85651649363e-08, 0.999999999612
-0.0994610681171, -2.01924505792e-08, -0.229262125528, -0.142087240167, -2.88463579702e-08, -0.327517322182, 0.00581571062334, 9.71505317785e-12, 0.00106784693491, 8.76839052927, 1.52961516133e-08, 0.049996583695, 5.76858695761e-13, 3.41680468471e-05, -1.68823934305e-08, 0.999999999416
0.105384196094, 1.69551332648e-08, 0.165613072905, 0.150548851562, 2.42216189497e-08, 0.23659010415, 0.00573416160832, 2.23649416686e-11, 0.00107222714759, 8.77409111737, 1.5553522104e-08, 0.049997306596, 4.66581450311e-13, 2.69374166623e-05, -1.73159409685e-08, 0.999999999637
-0.111553534425, -9.48141277095e-09, 0.576902294987, -0.159362192035, -1.35448753871e-08, 0.824146135695, 0.00553613400254, -2.10316962791e-11, 0.00128747462566, 8.77972203511, 1.57173105323e-08, 0.0499971579887, -4.75356185702e-13, -2.8424091775e-05, -1.67240752471e-08, 0.999999999596
-0.116882597497, 3.24917340415e-08, 0.932173166485, -0.166975139282, 4.64167629165e-08, 1.33167595212, 0.00561234224824, -2.91505542349e-11, -0.00133741365742, 8.78528019243, 1.59619963078e-08, 0.0499955503541, -7.60023143879e-13, -4.4502311074e-05, -1.70770025774e-08, 0.99999999901
-0.0884893364522, -5.53832933379e-05, -0.960710903186, 0.160249550257, -4.80121662004e-05, 0.883303350444, 0.00538870953481, 2.12433215587e-08, -0.00139692813059, 8.79077962936, 1.63155615556e-08, 0.0499965193881, -6.51380925805e-13, -3.48114876294e-05, -1.85821275999e-08, 0.999999999394
0.0940944852334, -2.27530111336e-08, -0.587034317774, 0.134420693191, -3.25043016194e-08, -0.838620453963, 0.005468729166, -3.25922196513e-11, -0.00144591059109, 8.79616259658, 1.64345108724e-08, 0.0499969000438, -5.41961479724e-13, -3.10016735933e-05, -1.7482693638e-08, 0.999999999519
-0.111691505712, -1.55171740694e-08, 0.586100380805, -0.159559293874, -2.21673915278e-08, 0.837286258293, 0.00524056740142, -2.85489648675e-11, 0.00149947286202, 8.80150253811, 1.67122669979e-08, 0.0499973618706, -4.79608144573e-13, -2.63851159791e-05, -1.8177305236e-08, 0.999999999652
-0.120512645929, 3.7503973045e-08, 1.1741763953, -0.172160922756, 5.357710435e-08, 1.67739485043, 0.00513995412686, 1.80808498911e-11, 0.000116790881222, 8.80676300238, 1.686660344e-08, 0.0499954587954, -7.91930898993e-13, -4.5418367076e-05, -1.74347015156e-08, 0.999999998969
0.0984152382181, 3.15471263628e-08, -0.298984118796, 0.140593197454, 4.50673233754e-08, -0.427120169708, 0.00520017253797, 2.97909085013e-11, 0.00106206732651, 8.81195599021, 1.71148829695e-08, 0.0499977074809, 4.06553941805e-13, 2.29277896265e-05, -1.77273789426e-08, 0.999999999737
-0.107969584053, 3.98213497237e-08, 0.337972270209, -0.154242262933, 5.68876424624e-08, 0.48281752887, 0.00497015117438, 3.52414873695e-11, -0.00108599935985, 8.81704180816, 1.72305200849e-08, 0.0499949957015, -8.28905976834e-13, -5.0048370132e-05, -1.65611087583e-08, 0.999999998748
-0.079445335534, -1.49106147629e-08, -1.56364429773, -0.113493336477, -2.13008782327e-08, -2.23377756819, 0.004991623914, 8.93735861277e-12, -0.00112243942672, 8.82208208689, 1.75042427252e-08, 0.0499966416846, -5.75988558554e-13, -3.35851033115e-05, -1.71510531569e-08, 0.999999999436
0.11929578295, -3.78589803269e-08, 1.09305219667, 0.170422547071, -5.40842576099e-08, 1.5615031381, 0.00514289244762, -2.21022752397e-11, -0.000187502459442, 8.82713531328, 1.75636253102e-08, 0.0499952262485, 7.39537986011e-13, 4.77439180809e-05, -1.54886427556e-08, 0.99999999886
-0.124256391711, 2.86679824149e-08, 1.42375944739, -0.177509131016, 4.09542605927e-08, 2.0339420677, 0.00495329060046, 1.02139875442e-11, 0.00044804722146, 8.83215781661, 1.75741843142e-08, 0.0499955692765, -6.0072588985e-13, -4.43138564762e-05, -1.35558295445e-08, 0.999999999018
-0.108986727329, -1.5618723873e-08, 0.405781821919, -0.155695324755, -2.23124626757e-08, 0.579688317027, 0.00498329564635, -2.23517404497e-11, 0.00160161515929, 8.83718547045, 1.75754585953e-08, 0.049997623435, -2.82172504767e-13, -2.37690513937e-05, -1.18744961033e-08, 0.999999999718
-0.123716985355, 2.31206958768e-08, 1.3877990237, -0.176738550508, 3.30295655383e-08, 1.98257003386, 0.00495289358265, 9.04430929835e-12, 0.00036347020463, 8.84221808385, 1.76090879263e-08, 0.0499951530361, 5.16160706845e-13, 4.84737463955e-05, -1.06424545832e-08, 0.999999998825
0.117626518551, -2.29765485255e-08, 0.981767903394, 0.168037883644, -3.28236407507e-08, 1.40252557628, 0.00514240187813, -1.46305018313e-11, -0.000356235586535, 8.84726572511, 1.7609086232e-08, 0.0499951559546, 4.4781659981e-13, 4.84467382353e-05, -9.23633495461e-09, 0.999999998826
0.101677151932, 1.39025645856e-08, -0.0815232045467, -0.179496342676, 1.04133669014e-08, 2.16642284507, 0.00496124869423, -5.06045390925e-12, 0.00141377213702, 8.85227295893, 1.76090931191e-08, 0.049997750352, 1.80392913774e-13, 2.24992672113e-05, -8.01600208912e-09, 0.999999999747
-0.0869668481393, 6.41377722219e-09, -1.06221012405, -0.124238354485, 9.16253888884e-09, -1.51744303435, 0.00497541470678, 1.34495636628e-11, -0.00175330749085, 8.85732557071, 1.76159665251e-08, 0.0499955671205, -3.11866820934e-13, -4.43318312307e-05, -7.03674821989e-09, 0.999999999017
0.119283515875, 2.07224030915e-09, 1.09223439166, 0.170405022678, 2.96034329879e-09, 1.56033484522, 0.00512291410235, 9.43313849015e-12, 0.00175493210126, 8.8623581276, 1.76269197653e-08, 0.0499971695748, 1.76576075596e-13, 2.83088722999e-05, -6.22769599721e-09, 0.999999999599
0.115766213873, -1.36447388873e-08, 0.857747591544, 0.165380305533, -1.94924841247e-08, 1.22535370221, 0.00514182772572, -9.42324069661e-12, -0.000522184485387, 8.86739566393, 1.76269034067e-08, 0.049995099713, 2.64802303696e-13, 4.90090013329e-05, -5.40540742702e-09, 0.999999998799
0.080908494408, 5.40250703696e-10, -1.4661003728, 0.11558356344, 7.71786719566e-10, -2.094429104, 0.00511031378915, -5.74633294027e-12, -0.00153110177729, 8.87243316859, 1.76268968079e-08, 0.0499961466857, 1.80566975797e-13, 3.85354182833e-05, -4.68844886227e-09, 0.999999999258
-0.0853309183964, 1.16174550892e-09, -1.17127210691, -0.121901311995, 1.65963644131e-09, -1.67324586701, 0.00497741077678, 8.11757682675e-12, -0.00173998117542, 8.87745542131, 1.76487596677e-08, 0.0499956769399, -1.86081314578e-13, -4.32334444457e-05, -4.3000920156e-09, 0.999999999065
0.0920297908262, -5.42229610914e-09, -0.724680611589, 0.131471129752, -7.74613729877e-09, -1.03525801656, 0.00512549491617, -8.06303232046e-12, -0.00172177917876, 8.88247780799, 1.7648743002e-08, 0.0499953000256, 1.75277348758e-13, 4.70033697155e-05, -3.7315478539e-09, 0.999999998895
-0.125386917074, 2.87563110313e-09, 1.49912780494, -0.179124167249, 4.10804443305e-09, 2.14161114992, 0.00496190870895, -2.39126092065e-12, 0.00145871436408, 8.88753030511, 1.76487426357e-08, 0.0499965133533, -1.1308743905e-13, -3.48722792843e-05, -3.23544311582e-09, 0.999999999392
0.0802669509728, 9.57559193508e-10, -1.50886993515, 0.114667072818, 1.36794170501e-09, -2.15552847878, 0.00510847318417, -3.03355499603e-12, -0.00143360414983, 8.89256276544, 1.76521542327e-08, 0.0499962820319, 1.0820714834e-13, 3.71818485019e-05, -2.91243508749e-09, 0.999999999309
0.0950644495655, -4.32299329704e-09, -0.522370028965, 0.135806356522, -6.17570471006e-09, -0.746242898521, 0.00512842611443, -5.64333034683e-12, -0.0016528425507, 8.89760517648, 1.76521610025e-08, 0.0499968428193, -7.95886183625e-14, -3.1573681804e-05, -2.52452122901e-09, 0.999999999502
0.0830330746391, 3.75319374662e-09, -1.32446169073, 0.118618678056, 5.36170535232e-09, -1.89208812961, 0.00509953541366, 1.31898776367e-12, -0.000227037810923, 8.90264771654, 1.76521554771e-08, 0.0499973255452, 5.96645523381e-14, 2.67464008307e-05, -2.19032243592e-09, 0.999999999642
0.119372382073, 6.08406662728e-10, 1.09815880484, 0.170531974389, 8.69152375325e-10, 1.56879829263, 0.00512294100195, 2.86122751793e-12, 0.00175467740189, 8.9076851515, 1.76521668628e-08, 0.0499971640787, 5.35382236078e-14, 2.83638456097e-05, -1.89382500205e-09, 0.999999999598
0.0985147418263, 3.05664060879e-09, -0.292350544913, -0.178102543743, 1.33197896829e-09, 2.07350291621, 0.00510434976831, 2.93136839236e-12, 0.00112508278238, 8.91273267378, 1.76521549977e-08, 0.0499977646339, 3.69078099253e-14, 2.23562275438e-05, -1.64924097118e-09, 0.99999999975
-0.108099486721, -1.9658007885e-09, 0.346632448042, -0.154427838172, -2.80828684071e-09, 0.495189211489, 0.00513815914415, 1.29649635809e-13, 0.00107471215425, 8.91777012427, 1.76521579974e-08, 0.049996073686, 5.58872173335e-14, 3.92694939202e-05, -1.42802421587e-09, 0.999999999229
-0.124155689522, 2.62951545625e-09, 1.41704596815, -0.177365270746, 3.75645065179e-09, 2.02435138307, 0.00495293877129, 9.56263021023e-13, 0.000430785122813, 8.92281252015, 1.76521560142e-08, 0.0499955579523, -5.48190638919e-14, -4.44270985193e-05, -1.23817831822e-09, 0.999999999013
-0.0885000095514, 1.31442545715e-09, -0.959999363241, 0.117029174257, 2.75324553544e-09, -1.99805504952, 0.00498278948528, -2.24577872097e-12, 0.00160985513389, 8.92784994462, 1.76629181754e-08, 0.0499954703697, -5.3927671987e-14, -4.52995207725e-05, -1.19352797644e-09, 0.999999998974
0.0822870826483, -1.94455294828e-10, -1.37419449011, -0.125593381114, -2.89004402997e-09, -1.42710792574, 0.00499532737498, -1.22593682094e-12, 0.000331806610317, 8.93289249205, 1.76629160643e-08, 0.0499959651369, 4.1868052915e-14, 4.03510939243e-05, -1.03395892258e-09, 0.999999999186
0.100389586021, -1.84934789004e-09, -0.167360931902, -0.113608546994, -9.01292482854e-10, -2.22609686704, 0.00498951186777, 6.14256368507e-13, -0.00123061037783, 8.9379348763, 1.76629178883e-08, 0.0499965287476, -3.12763103941e-14, -3.47145285568e-05, -8.9692432071e-10, 0.999999999397
0.0949503265684, -1.50856255971e-09, -0.529978228771, 0.135643323669, -2.15508937102e-09, -0.757111755387, 0.00512830144358, -1.97503794183e-12, -0.00165603874896, 8.94293704075, 1.76628292867e-08, 0.0499951935115, 4.26065143287e-14, 4.80688432734e-05, -8.82823244361e-10, 0.999999998845
0.083096889335, 1.3672321933e-09, -1.32020737767, 0.118709841907, 1.95318884757e-09, -1.88601053953, 0.005099500936, 5.40647526156e-13, -0.000218123933416, 8.947974432, 1.76628303991e-08, 0.0499973306959, 1.92839310815e-14, 2.66948956952e-05, -7.65133895872e-10, 0.999999999644
0.0938747696344, -1.08246007626e-09, -0.601682024376, 0.134106813763, -1.54637153752e-09, -0.859545749108, 0.00512731682673, -1.47684012092e-12, -0.00168596819389, 8.95300177131, 1.7662828377e-08, 0.0499952270183, 3.19018970506e-14, 4.77336540641e-05, -6.64873957686e-10, 0.999999998861
-0.0859634669233, 5.28679032013e-10, -1.12910220512, 0.119579834014, 1.34249830752e-09, -1.82801106571, 0.00509936906854, 2.84341999514e-13, -0.000133295675638, 8.9580391624, 1.76628224357e-08, 0.049997379611, 1.85146878464e-14, 2.62057568825e-05, -5.81527575557e-10, 0.999999999657
0.080836697551, 6.92771105979e-11, -1.47088682993, 0.115480996501, 9.89673008542e-11, -2.10126689991, 0.00511002295431, -6.15739042506e-13, -0.00152102867889, 8.96308668275, 1.76628162542e-08, 0.0499961609944, 1.93800341469e-14, 3.83923189435e-05, -5.08247743178e-10, 0.999999999263
0.0997426589529, 4.86585878123e-09, -0.210489403137, 0.14248951279, 6.95122683033e-09, -0.300699147338, 0.00510506278121, -5.93869243094e-13, 0.00119770020992, 8.96812407942, 1.7662815533e-08, 0.0499977648329, 9.87052835029e-15, 2.23543185776e-05, -4.42533393386e-10, 0.99999999975
-0.109332494916, -4.97955179812e-10, 0.428832994402, -0.156189278451, -7.11364542588e-10, 0.612618563432, 0.00498268752452, -7.21389129689e-13, 0.00161340496672, 8.97316649297, 1.76628140378e-08, 0.049997614952, -9.34951703125e-15, -2.38539141877e-05, -3.84073724217e-10, 0.999999999715
0.100895427852, 7.69544553089e-10, -0.133638143177, 0.144136325503, 1.09934936156e-09, -0.190911633109, 0.0051058363816, 8.48303330781e-13, 0.00125722677528, 8.97818880959, 1.76650436669e-08, 0.0499977563722, 1.01837062897e-14, 2.24390076216e-05, -4.52599571111e-10, 0.999999999748
-0.0927320152509, -7.75643681134e-10, -0.677865649939, -0.132474307501, -1.10806240162e-09, -0.968379499913, 0.00512615537643, 5.10270257242e-13, 0.00170650323112, 8.98320603767, 1.76650425554e-08, 0.0499969805952, 1.20995637086e-14, 3.01990551432e-05, -3.93689706837e-10, 0.999999999544
-0.115456806725, -2.64571360774e-10, 0.837120448329, -0.164938295321, -3.7795908682e-10, 1.19588635476, 0.00497667793508, -5.86219747607e-13, 0.00174430993548, 8.98822824817, 1.76650411254e-08, 0.0499973846521, -9.14087040891e-15, -2.61575845959e-05, -3.41869596315e-10, 0.999999999658
-0.119495800612, 1.02007277341e-09, 1.10638670749, -0.170708286589, 1.45724681916e-09, 1.58055243927, 0.00495243409397, 5.86730298454e-13, -0.00016617214164, 8.9932656359, 1.76662466189e-08, 0.0499952357836, -1.97773632739e-14, -4.76485805783e-05, -4.19156528976e-10, 0.999999998865
0.124364571153, -7.58544732298e-10, 1.43097141018, 0.177663673075, -1.08363533185e-09, 2.04424487168, 0.00514196295539, -2.58513617203e-13, 0.000468276341141, 8.9982879955, 1.76662458883e-08, 0.049995583127, 1.58942641414e-14, 4.41753501407e-05, -3.6440579114e-10, 0.999999999024
0.106120964207, -7.35216099751e-10, 0.214730947119, 0.127040494964, -5.18369966462e-10, -1.33063366905, 0.00512209444375, -6.44313768016e-13, -0.00175564152993, 9.00332540573, 1.76662437669e-08, 0.0499954490916, 1.45814438171e-14, 4.55123507275e-05, -3.17033490031e-10, 0.999999998964
-0.0965343655203, 5.06062539115e-10, -0.424375631981, -0.137906236458, 7.2294648445e-10, -0.60625090283, 0.00496526559593, 6.3377228712e-13, -0.00161143935359, 9.00834757659, 1.76662374716e-08, 0.0499951446846, -1.3442133183e-14, -4.85572919414e-05, -2.80106682823e-10, 0.999999998821
-0.10898211267, 5.88326119529e-10, 0.405474177992, 0.116903467987, -3.12861260171e-11, -2.0064354675, 0.00499512324114, -3.02387563532e-13, 0.00040513695413, 9.01331945761, 1.76662372397e-08, 0.0499960219863, 9.80501789895e-15, 3.97825384009e-05, -2.42950505453e-10, 0.999999999209
0.114905346632, 1.73218542679e-10, 0.800356442109, 0.164150495188, 2.4745506097e-10, 1.14336634587, 0.0051177425667, 3.74302858209e-13, 0.0017372221683, 9.01837704241, 1.76662330895e-08, 0.049997410089, 5.34283890827e-15, 2.59031477912e-05, -2.13663267166e-10, 0.999999999665
0.11994352961, -4.60732101383e-10, 1.13623530733, 0.171347899443, -6.58188716261e-10, 1.62319329618, 0.00514262403399, -2.49583438449e-13, -0.000118314869164, 9.02341447316, 1.76662300197e-08, 0.0499952572379, 8.68861394753e-15, 4.74340672815e-05, -1.87360555049e-10, 0.999999998875
0.115884046809, 5.77784454015e-11, 0.865603120604, 0.165548638299, 8.25406362879e-11, 1.23657588658, 0.00511878823287, 1.41886706672e-13, 0.00174970159319, 9.02844176562, 1.76663199857e-08, 0.0499973648454, 1.96832585369e-15, 2.63557035273e-05, -8.20735452607e-11, 0.999999999653
-0.122599141656, 1.15926531647e-11, 1.31327611039, -0.175141630937, 1.65609330924e-11, 1.87610872912, 0.00496739125148, -8.65205488622e-14, 0.00167251972112, 9.03348416368, 1.76663209724e-08, 0.0499968915995, -1.97503272772e-15, -3.10891822822e-05, -7.01321641525e-11, 0.999999999517
-0.11107309013, 1.55730430425e-10, 0.544872675336, 0.118339282719, -2.70497130566e-11, -1.91071448543, 0.00495520499329, 1.24798606689e-13, -0.000886937604148, 9.03852155347, 1.76663202053e-08, 0.0499950117324, -3.2621110012e-15, -4.98883766116e-05, -6.16234398708e-11, 0.999999998756
-0.123236091379, -9.55486284035e-12, 1.35573942529, 0.169072271482, 1.55365970145e-10, 1.47148476548, 0.0049663814071, 5.78498660909e-14, 0.00164879111643, 9.04354391717, 1.76618494851e-08, 0.0499951815106, -2.62173772808e-15, 4.81912342456e-05, 5.02572618734e-11, 0.999999998839
-0.104817669993, 7.17845290374e-11, 0.127844666194, 0.180326803852, 7.23107257565e-11, 2.22178692345, 0.00513612008126, -1.93358285603e-14, 0.00126285190405, 9.04859140425, 1.76618500624e-08, 0.049996267822, -1.43628584902e-15, 3.73279201911e-05, 4.41826501659e-11, 0.999999999303
0.114024266078, -3.5540004549e-11, 0.741617738531, 0.162891808683, -5.077143507e-11, 1.05945391219, 0.0051167986682, -6.47586676854e-14, 0.0017256692079, 9.05363889035, 1.76618489134e-08, 0.0499974505017, -1.14507737497e-15, 2.54989155582e-05, 3.73630649337e-11, 0.999999999675
-0.121365962236, 3.50163373884e-12, 1.23106414907, -0.173379946052, 5.00233391263e-12, 1.7586630701, 0.00496931820975, 3.18902419267e-14, 0.00171735715745, 9.05868128472, 1.76618407108e-08, 0.0499970091737, 9.9392954576e-16, -2.99132161384e-05, 2.63650770298e-11, 0.999999999553
0.0840989161201, 1.18167333701e-11, -1.25340559199, -0.122185403704, 5.91102019812e-11, -1.65430641971, 0.00499566122447, 2.00053760149e-14, 8.42451306607e-05, 9.06371371352, 1.76618414898e-08, 0.0499957832569, -1.13363989184e-15, 4.21701226054e-05, 2.35038304091e-11, 0.999999999111
-0.0800805441363, 3.01867919861e-12, -1.52129705758, 0.133290047691, -6.25200503078e-11, -0.913996820599, 0.00510158391311, -3.69182354983e-14, 0.000779715516889, 9.06875109691, 1.76618378434e-08, 0.0499977266343, -3.6505010704e-16, 2.27359155925e-05, 1.78286434633e-11, 0.999999999742
-0.102654467212, 2.0189472555e-11, -0.0163688525413, -0.146649238874, 2.884210365e-11, -0.023384075059, 0.0049879734345, 2.46964083372e-14, 0.00134718252868, 9.07379350152, 1.76618346924e-08, 0.0499977425848, 1.27245546979e-16, -2.25770106014e-05, 1.32924163553e-11, 0.999999999745
-0.122666773319, -6.25594853756e-12, 1.31778488795, 0.170086079325, 1.1844744934e-10, 1.53907195497, 0.00510206656796, -7.05061901715e-14, 0.000855846915257, 9.07880059614, 1.76618659394e-08, 0.0499954276403, 1.58769213211e-15, -4.57269123807e-05, 3.80218704078e-11, 0.999999998955
0.126133765686, 3.57160585497e-11, 1.54891771238, 0.180191093837, 5.10229407853e-11, 2.21273958912, 0.00513544630879, -1.86023933375e-14, 0.00131798194109, 9.08385322547, 1.76618671099e-08, 0.0499963285598, -1.03826770692e-15, 3.67204722182e-05, 3.40432853299e-11, 0.999999999326
-0.123296363353, -1.38039145857e-11, 1.35975755686, -0.176137661933, -1.97198779795e-11, 1.94251079552, 0.00514241525714, 5.20624137448e-14, -0.000296831523738, 9.08887045028, 1.7661867766e-08, 0.0499951779555, -1.25054788888e-15, 4.82267786171e-05, 3.00481957353e-11, 0.999999998837
0.125148296085, -1.2942025138e-10, 1.48321973898, 0.178783280121, -1.848860734e-10, 2.11888534139, 0.0051412386963, -2.91331631136e-14, 0.000630650720718, 9.09384727573, 1.76681096869e-08, 0.0499956992915, 2.76615519631e-15, 4.3013676303e-05, -6.91833661132e-11, 0.999999999075
-0.110400740284, -7.55273321123e-11, 0.500049352265, -0.157715343263, -1.07896188732e-10, 0.714356217522, 0.00498168983867, -1.11579030296e-13, 0.00164294845354, 9.09891993484, 1.76681089436e-08, 0.0499975814919, -1.65065341114e-15, -2.41886222983e-05, -6.05321999187e-11, 0.999999999707
0.1186796285, 1.996889852e-11, 1.05197523336, 0.169542326429, 2.85269978858e-11, 1.50282176195, 0.00512205246654, 8.27361835308e-14, 0.00175666285765, 9.10396243015, 1.76681100226e-08, 0.049997206923, 1.24641292697e-15, 2.79353035055e-05, -5.17850930888e-11, 0.99999999961
0.116421097983, -1.36640172292e-10, 0.901406532208, 0.166315854262, -1.95200246132e-10, 1.28772361744, 0.00497558420333, 9.49831778355e-14, -0.00175165456143, 9.10899984626, 1.76681182622e-08, 0.0499951193461, 1.67804027905e-15, 4.88127238822e-05, -3.83895346258e-11, 0.999999998809
-0.107656410821, 8.37556492419e-11, 0.317094054708, -0.153794872601, 1.19650927488e-10, 0.452991506726, 0.00495705335653, 7.31556412522e-14, -0.00110662312496, 9.11404218825, 1.76681175823e-08, 0.0499949935474, -1.87739790211e-15, -5.00698807752e-05, -3.38617483491e-11, 0.999999998747
-0.124500465899, 5.71877173704e-11, 1.44003105993, 0.140046919263, -8.49113774456e-11, -0.463538715806, 0.00510443275487, 6.01160178062e-14, 0.00113800315512, 9.11908473118, 1.76681201788e-08, 0.049995106838, 1.50359230192e-15, 4.89359259129e-05, -2.73444296869e-11, 0.999999998803
0.118976350783, -4.19440138791e-11, 1.07175671884, 0.169966215404, -5.99200198273e-11, 1.53108102692, 0.00514249893723, -3.21872480992e-14, -0.000221467776806, 9.12413222001, 1.76681232388e-08, 0.0499952111205, 1.22876480449e-15, 4.78951773789e-05, -2.14660632348e-11, 0.999999998853
0.0827126850754, -7.69654393902e-12, -1.34582099497, 0.118160978679, -1.099506277e-11, -1.92260142139, 0.00511365612496, -5.0955852083e-14, -0.00165930036153, 9.12916449413, 1.76681096646e-08, 0.0499975713595, -9.07965034661e-16, -2.428837903e-05, -3.13223503668e-11, 0.999999999705
0.095507423426, 4.58535627969e-11, -0.492838438267, 0.136439176323, 6.55050897098e-11, -0.704054911809, 0.00510260499263, 3.64875141366e-14, 0.000938376482722, 9.13420698398, 1.7668109675e-08, 0.0499977552892, 6.27961508712e-16, 2.24494873069e-05, -2.71608488239e-11, 0.999999999748
0.082187160001, -4.76147295214e-12, -1.38085599993, -0.125840221497, -7.43243904241e-11, -1.4106519002, 0.00499526564572, -3.20879133246e-14, 0.000347891080253, 9.13922918928, 1.76681078846e-08, 0.0499976023596, -7.48407083573e-16, -2.39784162357e-05, -2.50076349598e-11, 0.999999999713
0.117251144279, 2.13694902087e-10, 0.956742951945, 0.167501634685, 3.05278431554e-10, 1.36677564564, 0.00514213175675, 1.38546545363e-13, -0.000389787675338, 9.14425646614, 1.76611037767e-08, 0.049995534327, 3.53082353785e-15, -4.46598251503e-05, 7.57313740308e-11, 0.999999999003
0.118770192037, -2.51335457454e-11, 1.05801280248, 0.16967170291, -3.59050653506e-11, 1.51144686068, 0.00495248214122, -6.9056042381e-14, 0.000244956463001, 9.14928375544, 1.76611046416e-08, 0.0499954449187, 3.23080171437e-15, -4.5557408982e-05, 6.63570717205e-11, 0.999999998962
0.11632326721, 1.84501477821e-10, 0.894884480651, 0.166176096014, 2.63573539744e-10, 1.27840640093, 0.00514186162925, 1.33924780186e-13, -0.000472647673544, 9.15432114209, 1.76611032195e-08, 0.0499955890465, 2.64139039555e-15, -4.41125318314e-05, 5.65521119343e-11, 0.999999999027
-0.0885352868087, -5.72555410837e-11, -0.957647546086, -0.113758629161, 5.44960001344e-11, -2.21609138924, 0.00498871068384, -2.88004169384e-14, -0.00129438135215, 9.15924749154, 1.76611114799e-08, 0.0499964587746, 1.84351032768e-15, -3.54142968232e-05, 5.58321463774e-11, 0.999999999373
-0.0922976899372, -7.42777708973e-11, -0.706820670855, -0.131853842767, -1.06111101282e-10, -1.00974381551, 0.00496924116291, -1.19236287687e-13, -0.00171742947497, 9.16429495979, 1.76611108705e-08, 0.0499952885743, 2.41290457283e-15, -4.71179133827e-05, 4.79047600611e-11, 0.99999999889
-0.0847496008009, 8.27526148556e-11, -1.21002661327, 0.162865197327, -5.34306116738e-11, 1.05767982181, 0.0051167608568, -7.84273302687e-14, 0.00172542495462, 9.16932737121, 1.76611128273e-08, 0.0499974513561, -9.09643804064e-16, 2.5490369204e-05, 4.31900165876e-11, 0.999999999675
-0.121353563786, 4.03758964676e-12, 1.23023758575, -0.17336223398, 5.76798520965e-12, 1.75748226536, 0.00496931963185, 4.92785894957e-14, 0.00171780478664, 9.17436974763, 1.76611155495e-08, 0.0499970103526, 1.38189734636e-15, -2.99014246123e-05, 3.93484774822e-11, 0.999999999553
-0.113049411322, -8.41708979502e-11, 0.676627421485, -0.161499159032, -1.20244139929e-10, 0.966610602121, 0.0049543046592, -6.45629297242e-14, -0.000740105553505, 9.17940711281, 1.76611162213e-08, 0.0499950420119, 1.53112350565e-15, -4.9585767822e-05, 3.47005318534e-11, 0.999999998771
0.0932833451529, -3.75077665534e-11, -0.641110323139, 0.133261921647, -5.35825236477e-11, -0.915871890199, 0.00510155691484, -2.70725441438e-14, 0.000778281466108, 9.18443952395, 1.76611082193e-08, 0.0499977263614, -5.73659725102e-16, 2.27386436998e-05, 2.34382671987e-11, 0.999999999741
0.115967749758, -1.40461944419e-11, 0.871183317205, 0.16566821394, -2.00659920599e-11, 1.24454759601, 0.00499559353462, 2.47643667051e-14, 0.000168124060632, 9.18945672292, 1.76611097628e-08, 0.049997360965, -3.78518817894e-16, 2.63945181973e-05, 2.17266532928e-11, 0.999999999652
0.0808495823968, 1.00075532955e-11, -1.47002784021, 0.115499403424, 1.42965047078e-11, -2.10003977174, 0.00511001849013, -1.0116357073e-13, -0.00152283715221, 9.19446383445, 1.76684081679e-08, 0.0499961584258, 2.9833640879e-15, 3.84180072104e-05, -8.12003088535e-11, 0.999999999262
0.114662460168, -1.04029955854e-08, 0.784164011199, 0.163803514526, -1.48614222649e-08, 1.12023430171, 0.00514133168734, -1.30440939304e-11, -0.000617413270426, 9.19949112535, 1.7668410574e-08, 0.0499950695761, 3.30412244388e-15, 4.93102767359e-05, -7.11554668849e-11, 0.999999998784
0.120955126201, 6.55083749127e-12, 1.2036750801, 0.172793037431, 9.35833927324e-12, 1.71953582871, 0.00512504780081, 8.13275398455e-14, 0.00172815259529, 9.20451838512, 1.76684084979e-08, 0.0499970442012, 2.00588442113e-15, 2.95628714169e-05, -6.09294247596e-11, 0.999999999563
0.100852254957, 4.967807939e-11, -0.136516336169, -0.179196351898, -2.33571271336e-10, 2.14642345984, 0.00510577164867, 1.04055757762e-13, 0.00125501041911, 9.20956074183, 1.76684163133e-08, 0.0499965016917, -1.40476881841e-15, -3.49889114861e-05, -4.61992722827e-11, 0.999999999388
0.0908718353883, -5.14838162334e-11, -0.801877640783, 0.129816907698, -7.35483089049e-11, -1.14553948683, 0.00512419940949, -8.38655378882e-14, -0.00173701640886, 9.21457296196, 1.76684157685e-08, 0.0499953530861, 1.73193532779e-15, 4.64726294806e-05, -4.05710625628e-11, 0.99999999892
-0.0988037551605, 6.23650045565e-11, -0.273082989302, -0.141148221658, 8.90928636522e-11, -0.390118556146, 0.00496332716345, 7.82916578492e-14, -0.00153122816167, 9.21959509728, 1.76684177153e-08, 0.0499950910494, -1.50159655644e-15, -4.90938973128e-05, -3.39660166134e-11, 0.999999998795
0.10754258707, 3.57812340078e-11, 0.309505804693, 0.153632267243, 5.11160485826e-11, 0.442151149561, 0.00511080596928, 5.79856076562e-14, 0.00154982169522, 9.22462749824, 1.76684204845e-08, 0.0499976562362, 5.26472604404e-16, 2.34409084166e-05, -2.74014099648e-11, 0.999999999725
-0.0839474053697, -4.49563248686e-11, -1.26350630869, -0.119924864814, -6.42233212409e-11, -1.80500901241, 0.00499566030734, -2.03724598444e-14, -9.97131218276e-05, 9.22962449485, 1.7668421153e-08, 0.0499974986639, 3.91504773563e-16, 2.50171611879e-05, -2.32704205689e-11, 0.999999999687
0.091085508727, 6.1323151384e-11, -0.787632751536, -0.172209529375, 3.45814171075e-13, 1.68063529165, 0.00510059863229, 4.8964447385e-14, 0.000612369622232, 9.23467196261, 1.76684149437e-08, 0.049997690069, 4.17829529194e-16, 2.31014534556e-05, -2.46419427367e-11, 0.999999999733
0.125272155997, -1.6254244619e-11, 1.49147706646, 0.178960222853, -2.32203494557e-11, 2.13068152352, 0.00513275598184, 1.18579069192e-14, 0.00147842960829, 9.23970934906, 1.76684165421e-08, 0.0499965398388, 9.0304472929e-16, 3.46073862961e-05, -1.99592415486e-11, 0.999999999401
0.10977205498, 2.44653598061e-11, 0.458136998634, 0.156817221399, 3.49505140088e-11, 0.65448142662, 0.00495586261768, -2.94875996707e-15, 0.00097239974089, 9.24475169531, 1.7668416709e-08, 0.0499959756225, -4.76412430656e-16, -4.02502101624e-05, -1.71088204343e-11, 0.99999999919
-0.101351720396, -1.96554389333e-10, -0.10321864028, 0.179378690326, -1.36070913962e-10, 2.15857935508, 0.00513361252347, 7.58162777884e-14, 0.00142810656299, 9.24977399891, 1.76727070578e-08, 0.0499964722346, 3.71224035894e-15, 3.52835241945e-05, -1.11182781977e-10, 0.999999999378
-0.116958961492, 2.46640011984e-10, 0.937264099475, -0.167084230703, 3.52342874263e-10, 1.33894871354, 0.00495289738059, 1.61749595539e-13, -0.000415903874466, 9.25483652027, 1.76727053749e-08, 0.0499951356539, -4.94828110624e-15, -4.86496902769e-05, -9.76197345563e-11, 0.999999998817
-0.0815085520693, -6.6014772615e-13, -1.42609652871, -0.11644078867, -9.43068180214e-13, -2.0372807553, 0.00509999125512, 1.40775182933e-13, 0.000457760127802, 9.25987389895, 1.7672695182e-08, 0.0499960628693, -3.76356338315e-15, -3.93736651554e-05, -9.20750605114e-11, 0.999999999225
-0.116030717338, 2.01688138006e-10, 0.875381155861, -0.165758167626, 2.88125911437e-10, 1.25054450837, 0.00495316872639, 1.37301135918e-13, -0.000498687285062, 9.26490116356, 1.76726957309e-08, 0.0499951076116, -4.07786290914e-15, -4.8930036561e-05, -7.93205918734e-11, 0.999999998803
-0.0933420728955, 1.1376199587e-10, -0.637195140298, -0.133345818422, 1.62517136957e-10, -0.910278771854, 0.00496815994011, 1.69320887537e-13, -0.00169912152318, 9.26991834436, 1.76726944146e-08, 0.0499952452836, -3.48375193924e-15, -4.7550941187e-05, -6.99336755715e-11, 0.999999998869
-0.0840105774464, -1.16936501556e-10, -1.25929483691, -0.120015110638, -1.67052145081e-10, -1.79899262415, 0.00499566830144, -5.1334021879e-14, -9.09293046625e-05, 9.27495073987, 1.76726916109e-08, 0.0499974949385, 1.38632200296e-15, 2.50544262457e-05, -6.2929289317e-11, 0.999999999686
-0.0923165992362, 7.802982152e-11, -0.705560050922, -0.131880856052, 1.114711736e-10, -1.00794292989, 0.00496920567312, 1.04195354944e-13, -0.00171712245734, 9.27998298838, 1.7672690983e-08, 0.049995287766, -2.43758124936e-15, -4.71259982981e-05, -5.50149288052e-11, 0.99999999889
0.0848141817366, -2.74583202849e-11, -1.20572121756, 0.121163116767, -3.92261718356e-11, -1.72245888223, 0.00511683802545, -7.49097080569e-14, -0.00172726968883, 9.2850254964, 1.76726955471e-08, 0.0499957201312, 2.03564816341e-15, 4.2801468465e-05, -4.42076469028e-11, 0.999999999084
-0.12134118465, 1.09254295615e-12, 1.22941231001, -0.1733445495, 1.56077565164e-12, 1.75630330001, 0.00496932304682, -5.34187923757e-14, 0.00171825171858, 9.29005774439, 1.76726966099e-08, 0.0499970115297, -9.13272592038e-16, -2.98896514541e-05, -3.73739927782e-11, 0.999999999553
-0.0855010649451, -6.2875275905e-11, -1.15992900366, -0.122144378493, -8.98218227214e-11, -1.6570414338, 0.0049956291227, -3.25545439169e-14, 8.10376614639e-05, 9.29508502356, 1.76726974231e-08, 0.0499974880773, -9.44280004963e-16, -2.51211452932e-05, -3.18363173823e-11, 0.999999999684
-0.0903500615291, 1.55122151081e-10, -0.836662564728, 0.171270844944, -4.22802519718e-10, 1.61805632959, 0.00510037901294, 4.35869199886e-14, -0.000546911866255, 9.30011227647, 1.76726088635e-08, 0.0499953787336, -5.65900137796e-15, -4.62160943544e-05, -1.19125183465e-10, 0.999999998932
0.115949571953, 7.62285402757e-11, 0.869971463557, 0.165642245648, 1.0889791468e-10, 1.24281637651, 0.00511881862676, 1.76127066482e-13, 0.00175052849567, 9.30514467197, 1.76726071785e-08, 0.0499973618077, 2.95610140677e-15, 2.63860887999e-05, -1.045652629e-10, 0.999999999652
0.119090305156, -2.56065325478e-10, 1.07935367705, -0.127708383308, 1.70165961912e-10, -1.28610777945, 0.00514248674676, -1.43632764543e-13, -0.000209355638736, 9.31017692053, 1.7672596768e-08, 0.0499954258683, -4.74348606053e-15, -4.57446370705e-05, -1.00365192543e-10, 0.999999998954
-0.11100039895, 2.11737728027e-10, 0.540026596676, -0.1585719985, 3.0248246861e-10, 0.77146656668, 0.00495520130217, 1.72556515068e-13, -0.00089196706204, 9.31522438049, 1.76725972722e-08, 0.0499950109899, -4.12485413463e-15, -4.98957944445e-05, -8.64090056408e-11, 0.999999998755
-0.123275361669, 1.70195289517e-11, 1.3583574446, -0.176107659527, 2.43136127882e-11, 1.94051063514, 0.00496628058573, -8.64392455133e-14, 0.00164683735918, 9.32024670698, 1.76725955802e-08, 0.0499951791943, 3.87272621473e-15, 4.82143932983e-05, -7.61450848252e-11, 0.999999998838
0.126235336612, -8.27609010476e-11, 1.55568910746, -0.156988622211, 2.36134405217e-10, 0.665908147396, 0.00513613648089, 2.13563243369e-14, 0.00125867202463, 9.32529416015, 1.76725931334e-08, 0.0499962632541, 2.76924278713e-15, 3.73736051469e-05, -6.83802974734e-11, 0.999999999302
-0.0875877208569, 7.06636861122e-11, -1.02081860954, -0.12512531551, 1.00948123017e-10, -1.45831229934, 0.00497446237063, 9.79973211664e-14, -0.00175734412849, 9.33030620872, 1.76725926288e-08, 0.0499955264627, -2.52742589763e-15, -4.47384831959e-05, -5.97722321141e-11, 0.999999998999
-0.123002648375, 1.09437460422e-10, 1.34017655836, 0.135567365963, -1.09353459064e-10, -0.76217560244, 0.00495249100879, 5.13601667056e-14, 0.000257010076182, 9.33533348229, 1.76725959015e-08, 0.0499954521684, -2.43861342098e-15, -4.5484914189e-05, -4.90496955771e-11, 0.999999998966
0.11645584348, -6.37804738755e-11, 0.903722898644, -0.123931543892, 8.58946103397e-11, -1.53789707388, 0.00509945059293, -2.92949600488e-14, -0.000213970535584, 9.34037599474, 1.76725975235e-08, 0.0499951203931, 2.21396919459e-15, 4.88022566674e-05, -4.13295564803e-11, 0.999999998809
0.0812325369915, 2.05264209503e-12, -1.4444975339, 0.116046481416, 2.93234585005e-12, -2.06356790557, 0.00511085807247, -4.25820496662e-14, -0.00156088865689, 9.34541335406, 1.76725981998e-08, 0.0499960977832, 1.51526126901e-15, 3.90244898366e-05, -3.53092370141e-11, 0.999999999239
0.0837355072517, 2.30045635309e-10, -1.27763284989, 0.119622153217, 3.2863662187e-10, -1.82518978555, 0.00509931894019, 2.01128907436e-13, -0.000129176663186, 9.3504254211, 1.76725486018e-08, 0.0499975111597, -1.52880553242e-15, -2.48921630471e-05, -6.89977208394e-11, 0.99999999969
-0.121768480912, 1.42891378688e-10, 1.25789872749, 0.171841304168, 1.83212661541e-11, 1.65608694453, 0.00512408834143, 8.5387753433e-14, 0.00174349540989, 9.35546789255, 1.7672547223e-08, 0.0499970988387, 1.97645040195e-15, 2.90163865721e-05, -6.10756465854e-11, 0.999999999579
-0.125166512511, -1.4860159746e-07, 1.48443416738, 0.163681036221, 2.95032718296e-07, 1.11206908143, 0.0049786877694, -9.32631544314e-14, 0.00171909364707, 9.36051024493, 1.76725508801e-08, 0.049996563858, -1.11990037345e-15, -3.43671602614e-05, -3.98859496191e-11, 0.999999999409
0.126294794255, -5.1392522462e-11, 1.55965295032, 0.18042113465, -7.34178892314e-11, 2.22807564332, 0.00513886213753, 2.40660583077e-15, 0.000997334772187, 9.36555273717, 1.76725631522e-08, 0.0499959983873, 1.16446399878e-15, 4.00225434462e-05, -3.44114625227e-11, 0.999999999199
-0.125462764833, -1.51599945707e-10, 1.50418432219, 0.162196863134, 2.61566126195e-10, 1.01312420896, 0.00496161696113, 3.58404425061e-14, 0.00144568419876, 9.3705699262, 1.76725622984e-08, 0.0499950501643, 1.70138821622e-15, 4.95042893149e-05, -3.04950391329e-11, 0.999999998775
0.0802025343041, 1.28069008168e-11, -1.51316437973, 0.114575049006, 1.82955725954e-11, -2.16166339961, 0.00510819134035, -2.48522254206e-14, -0.00141976809054, 9.37560728276, 1.76725588601e-08, 0.0499962996686, 1.17777529794e-15, 3.70054686609e-05, -2.92257381096e-11, 0.999999999315
0.0947832339873, -3.69853768543e-11, -0.541117734182, -0.11390660863, -3.74675186656e-11, -2.20622609135, 0.00512810481304, -5.31404444e-14, -0.00166070045603, 9.38064963002, 1.76725583927e-08, 0.0499968594054, -9.46113826827e-16, -3.14078161993e-05, -2.58448721457e-11, 0.999999999507
-0.11945653062, 4.99714806482e-11, 1.10376870801, -0.1706521866, 7.13878294974e-11, 1.57681244001, 0.00495239890453, 3.0925077454e-14, -0.000170360172287, 9.38565669798, 1.76725618766e-08, 0.0499952339114, -1.1531337282e-15, -4.7667300382e-05, -1.99653106458e-11, 0.999999998864
0.124345658725, -3.96534118463e-11, 1.42971058164, 0.177636655321, -5.6647731209e-11, 2.04244368806, 0.00514194017845, -1.90510861798e-14, 0.00046437903742, 9.39067901812, 1.76725635372e-08, 0.0499955803448, 9.15197353865e-16, 4.42031726566e-05, -1.59365250501e-11, 0.999999999023
0.0888822735787, -1.63849488195e-11, -0.934515094756, 0.126974676541, -2.34070697421e-11, -1.33502156394, 0.00512200390212, -2.71394037679e-14, -0.00175607041403, 9.39571638869, 1.7672564099e-08, 0.0499954513802, 7.5836432748e-16, 4.54894596066e-05, -1.33618916902e-11, 0.999999998965
-0.126190901165, 2.18267426405e-11, 1.55272674433, -0.18027271595, 3.11810609149e-11, 2.21818106333, 0.00495913209442, -1.15757297109e-14, 0.0012869253559, 9.40076881652, 1.76725395973e-08, 0.0499962941307, -9.75614264242e-16, -3.70648038342e-05, -3.20696228421e-11, 0.999999999313
0.125470449505, -5.9751658119e-11, 1.5046966337, 0.179243499293, -8.53595115985e-11, 2.14956661957, 0.00514091439627, -1.97317164442e-14, 0.000698048726419, 9.40581131405, 1.76725388306e-08, 0.0499957476949, 1.42297615062e-15, 4.25296294344e-05, -2.84590172101e-11, 0.999999999096
-0.0805162324867, -3.54384773386e-11, -1.49225116755, -0.115023189267, -5.0626396198e-11, -2.13178738222, 0.00499409978777, -7.11063254402e-15, -0.000657625724106, 9.41084356264, 1.76725380114e-08, 0.0499970433724, -8.85839878229e-16, -2.9568110499e-05, -2.53514927166e-11, 0.999999999563
-0.0970679647963, -1.2490914866e-11, -0.388802346915, -0.138668521138, -1.78441640943e-11, -0.555431924164, 0.00513014208408, 8.02049941716e-15, 0.00159166806957, 9.41585575785, 1.76725631051e-08, 0.0499967248772, -3.85402522411e-17, 3.27567034401e-05, -5.22372622624e-12, 0.999999999463
0.108194089501, 1.21286174282e-12, 0.35293930004, -0.116377643199, 3.80455850646e-12, -2.04149045343, 0.00513819669835, -8.5549317953e-15, -0.00107233784447, 9.42089314466, 1.76725625105e-08, 0.0499949961226, 4.37328219137e-16, 5.00441823692e-05, -5.10011020483e-12, 0.999999998748
0.124529748985, -3.50522332969e-12, 1.44198326567, 0.177899641407, -5.00746189955e-12, 2.05997609381, 0.00513109223291, 9.75079299727e-15, 0.00155412269937, 9.42592040209, 1.76725591945e-08, 0.0499966593254, 4.24573742538e-17, 3.34123306962e-05, -7.55694055491e-12, 0.999999999442
0.107758151351, 7.04202982017e-12, 0.323876756726, -0.18052977704, 2.40575277538e-11, 2.23531846935, 0.00511097914928, 1.99542366034e-14, 0.00155762731005, 9.43096785621, 1.76725585849e-08, 0.0499976513401, 4.62182411248e-17, 2.34898884333e-05, -7.10092873812e-12, 0.999999999724
0.124993375579, -3.51606548734e-12, 1.4728917053, 0.178561965113, -5.0229506962e-12, 2.10413100757, 0.00495346776595, 5.20116246126e-15, -0.000587625265602, 9.43598504634, 1.76725612675e-08, 0.0499965943607, 3.41905218081e-16, 3.40620867177e-05, -3.85667936538e-12, 0.99999999942
0.0887833666664, -1.16182109556e-12, -0.941108888909, 0.126833380952, -1.65974442223e-12, -1.34444126987, 0.00512189476322, -4.14911051151e-15, -0.00175699112112, 9.44104261701, 1.76725628268e-08, 0.0499954562932, -5.89036650515e-17, 4.54403181428e-05, -1.99802019532e-12, 0.999999998968
-0.0824455991119, 1.3992664577e-11, -1.36362672587, -0.117779427303, 1.99895208243e-11, -1.94803817982, 0.00498179611811, -1.76979573555e-14, -0.00164174787073, 9.44608494642, 1.7672563239e-08, 0.0499959453667, 8.67686221547e-17, -4.05488171861e-05, -1.28643442944e-12, 0.999999999178
0.0795412907923, 1.42758062117e-11, -1.55724728051, 0.113630415418, 2.03940088739e-11, -2.22463897216, 0.00510567698916, -2.4806010402e-15, -0.00125014669289, 9.45112233408, 1.76725445639e-08, 0.0499977584535, -1.55819039728e-16, -2.24178777632e-05, -1.41617402684e-11, 0.999999999749
-0.0805525436653, -1.88097156736e-11, -1.48983042231, -0.115075062379, -2.68710223909e-11, -2.12832917473, 0.00499414132979, 2.33594086752e-15, -0.000649250722146, 9.45616979107, 1.76725436234e-08, 0.0499970496064, -2.5159358479e-16, -2.95057703033e-05, -1.31252460725e-11, 0.999999999565
0.0853135345528, -1.66213186588e-10, -1.17243102981, -0.120418892295, 2.2513265433e-10, -1.77207384703, 0.00497886903067, -3.09100036156e-14, -0.00171204300316, 9.46121724222, 1.76725424725e-08, 0.0499957660868, -3.66125225241e-16, -4.23418477297e-05, -1.19779848683e-11, 0.999999999104
0.0905857731396, 1.75692556221e-11, -0.820948457359, 0.129408247342, 2.5098936603e-11, -1.17278351051, 0.00499447148187, 5.68335766281e-15, -0.000567044147962, 9.46623443524, 1.76725740103e-08, 0.049997106975, 5.83107257031e-16, -2.89320830709e-05, 1.54479248106e-11, 0.999999999581
-0.0836088084958, 6.10114842915e-11, -1.28607943361, 0.160415712148, 1.83025358032e-10, 0.894380809855, 0.00514031163377, 1.29255594261e-13, -0.000797275338404, 9.47128702673, 1.76725734628e-08, 0.049995029569, -4.54701030646e-16, 4.97101258255e-05, 1.29455171116e-11, 0.999999998764
-0.111767176414, 5.42584189511e-12, 0.591145094297, -0.159667394878, 7.7512027073e-12, 0.844492991853, 0.00498038083433, 1.53910019879e-14, 0.00167776000518, 9.47633946288, 1.76725688894e-08, 0.0499975357129, -3.90303416636e-18, -2.46465540071e-05, 7.49616603127e-12, 0.999999999696
0.119763387786, -2.59301653023e-12, 1.12422585243, -0.174635650829, -2.12766794786e-11, 1.84237672194, 0.0049522763774, -3.28572891525e-15, 0.000146502124525, 9.48137681031, 1.76725686826e-08, 0.0499953863396, 8.69468897525e-17, -4.614318167e-05, 6.33636768999e-12, 0.999999998935
-0.124890536965, -1.7694550938e-10, 1.46603579766, -0.178415052807, -2.52779299115e-10, 2.0943368538, 0.00496310987911, 6.14462127147e-14, 0.00152517390095, 9.48642428691, 1.76725709366e-08, 0.0499966090949, 4.55309572195e-16, -3.39147193439e-05, 7.18889624862e-12, 0.999999999425
-0.10862714574, 9.42860975946e-12, 0.381809716011, -0.155181636772, 1.34694425135e-11, 0.545442451445, 0.00498323216105, 2.37951110143e-14, 0.00158876217956, 9.49146677825, 1.76725730297e-08, 0.0499960428402, -5.18638060996e-16, 3.95779776974e-05, 7.7183252993e-12, 0.999999999217
0.117275191245, -5.08866967422e-12, 0.95834608298, 0.167535987492, -7.26952810603e-12, 1.36906583283, 0.00512031094982, -9.62903571523e-15, 0.00175994955629, 9.49651422974, 1.76725735899e-08, 0.0499972930441, -3.90977562166e-16, 2.70738958315e-05, 7.12086378984e-12, 0.999999999634
-0.123510901352, -5.49255357942e-12, 1.37406009014, -0.176444144789, -7.84650511346e-12, 1.96294298591, 0.00496586545326, -4.11693316852e-15, 0.00163374699051, 9.50155658647, 1.76725629032e-08, 0.049996799048, 1.10872355353e-16, -3.2014871091e-05, -3.06773462535e-12, 0.999999999488
-0.109428950051, 1.50021734324e-12, 0.43526333676, 0.117203655707, 5.03125505247e-13, -1.9864229529, 0.00495605337141, 2.58039104922e-15, -0.000993450821836, 9.50659393747, 1.76725640324e-08, 0.049995002183, 1.00138469243e-16, -4.99837041793e-05, -1.68661877059e-12, 0.999999998751
0.0998551191114, -8.32172653703e-12, -0.202992059238, -0.113574832996, -4.09248170398e-12, -2.22834446693, 0.0051324524221, -7.03345956049e-15, -0.00149047151694, 9.51163132256, 1.7672564831e-08, 0.0499965602697, 1.0164159265e-16, -3.43992924754e-05, -9.41340689826e-13, 0.999999999408
-0.0908046226411, 6.07058133257e-11, -0.806358490594, -0.129720889487, 8.67225904654e-11, -1.15194070085, 0.00497080829782, 8.45966115888e-14, -0.00173767693461, 9.51667877451, 1.76724736423e-08, 0.0499953563899, -2.04486389211e-15, -4.6439583659e-05, -4.73266893372e-11, 0.999999998922
0.083763740454, -1.86388359907e-11, -1.2757506364, 0.119662486363, -2.66269085581e-11, -1.82250090914, 0.00511526560952, -6.935438308e-14, -0.00169634077702, 9.52171616563, 1.76724739967e-08, 0.0499975093618, -1.15779689038e-15, -2.49083137639e-05, -4.0668410009e-11, 0.99999999969
0.0938143449443, 6.09136011546e-11, -0.605710337047, 0.134020492778, 8.70194302208e-11, -0.865300481495, 0.00510178481106, 4.64409245366e-14, 0.000816903555432, 9.52675863065, 1.76724738943e-08, 0.0499977336672, 8.44039595319e-16, 2.2665614035e-05, -3.53590660992e-11, 0.999999999743
0.126029415013, -2.93563681706e-11, 1.54196100085, -0.147435837078, -6.10109436361e-11, 0.0290558051944, 0.0051350008116, 1.04402837632e-14, 0.00134619360409, 9.53180100139, 1.76724782691e-08, 0.0499977381779, -4.36025992564e-16, -2.26211213634e-05, -2.6950275648e-11, 0.999999999744
-0.12573950304, 3.74207700661e-11, 1.52263353602, 0.160837106576, 2.91724667708e-11, 0.92247377174, 0.00511531924353, 4.14637575702e-14, 0.00169835106935, 9.53683835106, 1.76724798751e-08, 0.0499958096615, -1.13167929042e-15, -4.19099308741e-05, -2.19124168756e-11, 0.999999999122
0.0908173421619, 2.14512814304e-11, -0.805510522542, -0.171934041295, -1.07603474502e-11, 1.6622694197, 0.00497074707467, -2.11356860858e-14, 0.00174200039746, 9.54188085754, 1.76724818939e-08, 0.0499953515144, 6.00333351101e-16, 4.6491407216e-05, -1.73375241979e-11, 0.999999998919
-0.114485296819, 3.37271963704e-11, 0.772353121254, 0.178848783958, -1.66530081366e-11, 2.12325226385, 0.00513252093159, 8.16963393984e-15, 0.0014918261914, 9.54692830947, 1.76724825218e-08, 0.0499965578374, 7.11713036121e-16, 3.44273747763e-05, -1.45168245473e-11, 0.999999999407
0.10948285996, 2.80476911269e-11, 0.438857330641, 0.156404085657, 4.00681301813e-11, 0.626939043773, 0.00495601364092, -3.23623645826e-15, 0.000991096211164, 9.55197576296, 1.76724744855e-08, 0.049997610714, 6.23025208703e-16, 2.389630866e-05, -1.94845001351e-11, 0.999999999714
0.123460421558, -2.88891906431e-11, 1.37069477052, 0.176372030797, -4.12702723473e-11, 1.95813538646, 0.00514229363786, -7.0830361945e-15, 0.000325158481365, 9.55701315372, 1.76724756818e-08, 0.0499954933233, 5.12042084086e-16, 4.50733757705e-05, -1.59864129617e-11, 0.999999998984
-0.117203637418, 3.61346006866e-11, 0.953575827894, -0.167433767741, 5.16208581238e-11, 1.36225118271, 0.00495282635557, 2.36323014323e-14, -0.000394033984029, 9.56205547535, 1.76724762735e-08, 0.0499951430946, -8.47391251454e-16, -4.85753034027e-05, -1.33634091875e-11, 0.99999999882
0.108577786059, -2.54733938187e-10, 0.378519070617, 0.155111122942, -3.63905625981e-10, 0.540741529452, 0.00513840791868, -2.30537853867e-13, -0.00104787129187, 9.56709285378, 1.76723886898e-08, 0.0499960458317, -4.2597704032e-15, -3.95440588172e-05, -1.11188923601e-10, 0.999999999218
-0.0989827995058, 1.96868163179e-10, -0.261146699612, -0.141403999294, 2.81240233112e-10, -0.373066713731, 0.00496317745423, 2.18496627493e-13, -0.00152430359271, 9.57214030823, 1.76723880657e-08, 0.0499950874142, -4.92897563418e-15, -4.91302694091e-05, -9.68921376413e-11, 0.999999998793
-0.0812071554186, -1.22816022345e-10, -1.44618963876, -0.116010222027, -1.75451460493e-10, -2.06598519823, 0.0049946434417, -2.22157079484e-14, -0.000522575837185, 9.57717769831, 1.76723871922e-08, 0.049997137681, -2.28516140284e-15, -2.86250225668e-05, -8.46118622358e-11, 0.99999999959
0.0864953092703, 2.20665437836e-10, -1.09364604865, 0.123564727529, 3.15236339766e-10, -1.56235149807, 0.00509936521322, 1.80868256562e-13, 0.000191825167512, 9.58222016907, 1.76723812361e-08, 0.0499975402309, -3.29072870891e-16, 2.45996414583e-05, -7.78812446292e-11, 0.999999999697
0.122833957864, -1.44791313798e-11, 1.32893052429, 0.175477082663, -2.06844733997e-11, 1.89847217756, 0.0051279469765, 8.32621383111e-14, 0.00166377201234, 9.58725241719, 1.76723795928e-08, 0.0499952052297, -3.50202768361e-15, -4.79540774087e-05, -6.88216245348e-11, 0.99999999885
-0.126166946886, 8.76236265579e-11, 1.55112979238, 0.158101805445, -2.68470433119e-10, 0.740120362992, 0.00513955394117, -1.54247939594e-13, -0.000913748251735, 9.59229493329, 1.76723776119e-08, 0.0499950086195, 2.88174749911e-15, 4.9919465103e-05, -6.14407717921e-11, 0.999999998754
-0.101137395565, 1.08688145672e-10, -0.11750696232, 0.113675702773, 5.53375442591e-11, -2.22161981514, 0.00510593622964, -3.30308425302e-14, -0.00127193870966, 9.597337249, 1.76723773565e-08, 0.0499950448373, -2.48119330939e-15, -4.95562800006e-05, -5.34954406748e-11, 0.999999998772
-0.121136894501, 9.82932728154e-11, 1.21579296677, -0.173052706431, 1.40418961165e-10, 1.73684709538, 0.00512530181774, -8.63509933056e-14, -0.00172373683626, 9.60238471596, 1.76723830352e-08, 0.0499953182896, -2.13688288461e-15, -4.6823624145e-05, -4.1246137668e-11, 0.999999998904
0.113681527124, 2.25850083765e-10, 0.718768474941, 0.162402181606, 3.22642976807e-10, 1.02681210706, 0.00497850900035, -8.07493502722e-15, -0.00171908312633, 9.60742208955, 1.76723814212e-08, 0.049995744839, -1.42176618804e-15, -4.25543556953e-05, -3.67383985629e-11, 0.999999999095
0.126157776928, -4.98420401994e-11, 1.55051846189, 0.180225395612, -7.12029145705e-11, 2.21502637413, 0.00513934179448, 3.66705114942e-16, 0.000933949368059, 9.6124746856, 1.76723812959e-08, 0.0499959430776, 1.10008386382e-15, 4.05756813556e-05, -3.23401714324e-11, 0.999999999177
0.118617730744, -3.72679603383e-11, 1.04784871623, 0.169453901062, -5.32399433404e-11, 1.49692673748, 0.00512194848358, -1.34296667551e-13, 0.00175682629799, 9.61752213545, 1.7670347882e-08, 0.0499972107372, -2.64892688141e-15, 2.78971527756e-05, 8.77483164446e-11, 0.999999999611
0.116487472768, 2.31099145893e-10, 0.905831517842, 0.166410675382, 3.3014163699e-10, 1.29404502549, 0.00514189133926, 1.62326256891e-13, -0.000458016524645, 9.62255952346, 1.76703488157e-08, 0.0499951213462, -3.55180426331e-15, 4.87927282228e-05, 7.6784562079e-11, 0.99999999881
-0.107733740905, -1.5868963169e-10, 0.322249393691, -0.153905344151, -2.26699473842e-10, 0.460356276701, 0.0049569826145, -1.42920110452e-13, -0.00110169214169, 9.62759688035, 1.76703497467e-08, 0.0499960956099, -2.75971046456e-15, 3.90462245504e-05, 6.7168923032e-11, 0.999999999238
0.0986468598207, -1.11019176564e-10, -0.283542678623, -0.11347375853, 8.75281305171e-11, -2.23508276469, 0.00496343510028, 3.50370643288e-14, 0.00153823581264, 9.63262912583, 1.76703578028e-08, 0.0499966317593, 1.92932422095e-15, -3.36880379146e-05, 6.34946810717e-11, 0.999999999433
0.104211020314, -8.76917356334e-11, 0.0874013542989, 0.148872886164, -1.25273908048e-10, 0.12485907757, 0.00510810685541, -9.96636551983e-14, 0.00142045010506, 9.6376312177, 1.76703586988e-08, 0.049997724051, -1.22974999264e-15, 2.27624700495e-05, 5.61620034236e-11, 0.999999999741
-0.0957918019021, 9.14153231188e-11, -0.473879873195, -0.136845431289, 1.30593318741e-10, -0.676971247422, 0.00499219821283, 8.05105696197e-14, 0.000957307696966, 9.64265339622, 1.76703587582e-08, 0.0499977574488, 9.29586735325e-16, -2.2427907947e-05, 4.86511977469e-11, 0.999999999748
0.0918037809471, 6.79383109397e-11, -0.73974793686, 0.131148258496, 9.70547299139e-11, -1.05678276694, 0.00499404215825, 5.88372924947e-16, -0.000668665994487, 9.64771092804, 1.76703617861e-08, 0.0499953138058, 1.86436720988e-15, -4.68684579427e-05, 4.41387390553e-11, 0.999999998902
0.0851267985433, 1.84115714857e-10, -1.18488009711, -0.142677625539, -1.06732085008e-10, -0.288158297398, 0.00499155961594, 5.97842209786e-14, 0.00102669743612, 9.65273324373, 1.76703571599e-08, 0.0499956973274, -1.26628798243e-15, 4.30333182507e-05, 3.43339866912e-11, 0.999999999074
-0.0808683104973, 3.99707638626e-11, -1.46877930018, -0.18048334259, -4.55496843448e-11, 2.23222283936, 0.00499439128013, 4.22675954867e-15, -0.000587139875085, 9.65775042779, 1.76703583909e-08, 0.0499949968531, -1.72510494e-15, 5.00368933268e-05, 3.08272128571e-11, 0.999999998748
-0.083373057027, 4.51626003669e-11, -1.3017961982, -0.140035147899, 6.93005910011e-11, -0.464323473413, 0.00499092257356, 4.71698989481e-14, 0.00109506238809, 9.66277768267, 1.76703590387e-08, 0.0499966684578, -1.11967424841e-15, 3.33209911286e-05, 2.73007749227e-11, 0.999999999445
0.107250298773, -2.18787974299e-10, 0.290019918183, 0.153716462341, 1.9808055545e-10, 0.447764156097, 0.0051108448892, 1.74951086592e-13, 0.00155195654272, 9.66782513341, 1.76720069655e-08, 0.0499976548976, 2.37716702909e-15, 2.34542998378e-05, -9.63013451198e-11, 0.999999999725
0.0794131530834, 8.4509889252e-11, -1.56578979444, 0.122275376997, -8.8689910266e-11, -1.64830820017, 0.00511793248827, -1.51021988925e-13, -0.001743635606, 9.67278174327, 1.76720060568e-08, 0.0499972239767, 1.96583224105e-15, 2.77620656519e-05, -8.43865316919e-11, 0.999999999615
-0.0806824901647, -1.5232050463e-11, -1.48116732235, -0.115260700235, -2.176007209e-11, -2.11595331765, 0.00510060997718, 9.00653801014e-14, 0.000616569119931, 9.67787456332, 1.76720071306e-08, 0.0499961917364, -2.62162193051e-15, -3.80848741131e-05, -7.23960765112e-11, 0.999999999275
0.110436370267, -2.01131683439e-10, 0.50242468449, -0.117884187192, 4.16812428306e-13, -1.94105418719, 0.00513942115131, -1.63859969198e-13, -0.000928818535927, 9.68294734975, 1.76719991835e-08, 0.0499950074022, 3.26269112139e-15, 4.99316145998e-05, -6.90535549343e-11, 0.999999998753
-0.100896432423, 1.20373011214e-10, -0.133571171772, -0.144137760605, 1.71961444591e-10, -0.190815959674, 0.00496163502246, 1.35876885078e-13, -0.00144999561827, 9.68798966107, 1.76719997064e-08, 0.049995048859, -2.77461009649e-15, -4.95160359423e-05, -5.94663618819e-11, 0.999999998774
0.0916982632328, -7.94935055315e-11, -0.746782451148, 0.130997518904, -1.13562150759e-10, -1.06683207307, 0.00499408193575, -2.0974754761e-15, -0.000660329916486, 9.69303217124, 1.76719980777e-08, 0.0499953141966, 2.62195108751e-15, 4.68616210354e-05, -5.263391777e-11, 0.999999998902
0.0852071728906, 3.09343293869e-10, -1.17952180729, 0.121724532701, 4.41918991242e-10, -1.68503115327, 0.00509927716588, 3.5558740745e-13, 4.81080016719e-05, 9.69806951416, 1.76719954132e-08, 0.0499974724795, -6.39707952002e-15, 2.52771142229e-05, -4.78065561949e-11, 0.999999999681
0.121745182417, -1.35201358986e-12, 1.25634549446, 0.173921689167, -1.93144798552e-12, 1.79477927779, 0.00512623308735, 5.2047764412e-14, 0.00170365968955, 9.70310688408, 1.76719996299e-08, 0.0499969731086, 9.50885073355e-16, 3.02739353364e-05, -3.81758866249e-11, 0.999999999542
0.102174047955, 6.09691715474e-11, -0.0483968030317, 0.145962925649, 8.70988164963e-11, -0.0691382900453, 0.00510665766558, 4.90047642232e-14, 0.00132269394788, 9.70815433599, 1.76720007016e-08, 0.04999774643, 6.99114515578e-16, 2.25385235269e-05, -3.20463702711e-11, 0.999999999746
-0.111618124292, -2.74509954593e-11, 0.581208286102, 0.179887807565, -7.37246024145e-11, 2.19252050431, 0.00498051660832, -5.15756842676e-14, 0.0016739834362, 9.71319670044, 1.76720013664e-08, 0.0499975407273, -4.79957110988e-16, -2.4596395268e-05, -2.7177885117e-11, 0.999999999698
0.0936351314471, -1.67662951064e-10, -0.61765790353, 0.133764473496, -2.3951850152e-10, -0.882368433614, 0.00512704920954, -2.271073513e-13, -0.00169263341328, 9.71823916669, 1.76719112486e-08, 0.0499971467458, 3.08005582061e-15, 2.85372145576e-05, -1.00819475225e-10, 0.999999999593
0.0838420542917, 3.10391731273e-10, -1.27052971389, -0.160969494696, -1.24708000435e-10, 0.931299646375, 0.0050992917156, 2.81254656295e-13, -0.000114361749551, 9.72324625396, 1.76719099824e-08, 0.0499964389595, 3.19144097109e-15, 3.56124620754e-05, -8.82064099905e-11, 0.999999999366
-0.121638114576, 1.80297737875e-10, 1.24920763837, 0.132286703768, -1.73267270016e-10, -0.980886415499, 0.00499372507682, 2.25034068258e-15, -0.000731623412914, 9.72830380205, 1.76719096362e-08, 0.0499970882041, 2.44369251555e-15, 2.91227539478e-05, -7.68932317139e-11, 0.999999999576
-0.12522033366, -2.48004028629e-09, 1.48802224401, 0.120739978316, -4.40145950079e-09, -1.75066811224, 0.0051412121722, 4.34610913707e-12, -0.000638415750872, 9.73334118745, 1.76718979209e-08, 0.0499950644665, 3.8917390624e-15, 4.93613477796e-05, -7.48371040628e-11, 0.999999998782
-0.120906994944, 1.5314939395e-10, 1.20046632962, 0.130846584227, -1.36672808544e-10, -1.07689438488, 0.0051249700587, -1.40854059407e-13, -0.00172885366567, 9.73836331211, 1.76718994477e-08, 0.0499953048347, -2.82581635973e-15, -4.69581601609e-05, -6.45082707468e-11, 0.999999998897
0.0794927199282, 4.88471744372e-11, -1.56048533812, -0.179306107073, 2.71004225352e-10, 2.15374047153, 0.00509928196119, 3.27336751899e-13, 5.71300971123e-05, 9.74339060352, 1.76718978653e-08, 0.049997419625, -1.2763772114e-15, -2.58077628115e-05, -5.69541645115e-11, 0.999999999667
0.0890310398746, -6.1215032232e-11, -0.924597341695, 0.180297089794, -8.84003470252e-11, 2.21980598627, 0.00495278330418, 8.60803805099e-14, -0.000382138895498, 9.74783235672, 1.7671895017e-08, 0.0499962979191, -1.73685841042e-15, -3.70269156528e-05, -5.26542919637e-11, 0.999999999315
-0.0909390495103, 5.4161286969e-11, -0.797396699312, 0.11545060841, 6.66912660895e-11, -2.10329277265, 0.00497065624968, 7.36706715812e-14, -0.00173635587029, 9.75353597662, 1.76718983484e-08, 0.0499953497823, -1.80328702082e-15, -4.65056759867e-05, -4.20685118037e-11, 0.999999998919
0.0838591278523, -1.67082301374e-11, -1.26939147651, -0.122568760372, -9.98007080868e-11, -1.62874930856, 0.0049956057524, -3.70173846002e-14, 0.000114214692413, 9.75857336334, 1.76718999107e-08, 0.0499975037353, -1.02587804399e-15, -2.49645752533e-05, -3.5304886535e-11, 0.999999999688
-0.0799951466346, -1.77009852361e-11, -1.52699022436, -0.114278780907, -2.52871217659e-11, -2.18141460623, 0.00498743431894, 1.29534446556e-14, -0.00137512539457, 9.76362081146, 1.7671900368e-08, 0.0499963565475, -9.68608292661e-16, -3.64366395575e-05, -3.02847727526e-11, 0.999999999336
0.125990447246, -5.90214722074e-11, 1.53936314975, 0.11883001416, -3.07870725266e-11, -1.877999056, 0.00513487945218, 3.34551784273e-14, 0.00135311027656, 9.76864806779, 1.76718546582e-08, 0.0499950190338, -3.12401195704e-15, -4.98154171903e-05, -5.88997018023e-11, 0.999999998759
0.094715949485, 9.30115079958e-11, -0.54560336767, -0.151777473244, 1.70542257665e-10, 0.318498216298, 0.00510219683728, 7.47058892161e-14, 0.000882244028697, 9.77367535645, 1.7671853603e-08, 0.0499968635907, -1.8342641151e-15, -3.13693244024e-05, -5.18437522299e-11, 0.999999999508
0.121806200038, -1.1020423842e-10, 1.26041333589, 0.174008857198, -1.57434626314e-10, 1.80059047984, 0.00514267703404, -4.26025433086e-14, 9.18456439367e-05, 9.77872792624, 1.76718529081e-08, 0.0499969744554, 1.34179334111e-15, 3.02572873123e-05, -4.55178179873e-11, 0.999999999542
-0.0795606830091, -1.36676096776e-11, -1.55595446606, 0.144337998549, -9.18398532433e-11, -0.177466763385, 0.00495407130872, 1.72153369517e-14, 0.000710621954081, 9.78375521575, 1.76718668901e-08, 0.0499950464007, 1.24319126429e-15, 4.9540634602e-05, -2.85353587298e-11, 0.999999998773
0.121072853532, -5.23999797214e-11, 1.21152356882, 0.172961219332, -7.48571138877e-11, 1.73074795546, 0.00514267462544, -3.82626726177e-14, 5.57663692227e-06, 9.78880267279, 1.76718674967e-08, 0.0499953145325, 1.33817791028e-15, 4.68611919644e-05, -2.41785683815e-11, 0.999999998902
-0.0795040823009, -1.84759948257e-11, -1.5597278466, -0.11357726043, -2.63942783224e-11, -2.22818263801, 0.00511723904356, 3.66562932391e-14, 0.00173156468063, 9.79382992123, 1.76718664669e-08, 0.049997429879, 7.5504552619e-16, 2.57051958325e-05, -2.18340018381e-11, 0.99999999967
0.120295910813, -4.55089762007e-11, 1.15972738754, -0.129767895176, 3.78667669947e-11, -1.14880698828, 0.0051426190437, -3.47306485819e-14, -8.0600163553e-05, 9.79886730797, 1.76718626333e-08, 0.0499952741724, 1.22597080294e-15, 4.72647454842e-05, -2.1619131018e-11, 0.999999998883
-0.112560539917, 4.38205382889e-11, 0.64403599446, 0.119695671991, -1.10597149386e-11, -1.82028853395, 0.00511529614922, -2.96241758653e-14, -0.0016970431694, 9.80390466736, 1.76718655498e-08, 0.0499958109483, 5.47766620888e-16, 4.18931698535e-05, -1.64351071851e-11, 0.999999999122
-0.0799696145913, -1.07623852658e-11, -1.52869236058, 0.147412969214, -3.79956327043e-11, 0.027531280912, 0.00495501220738, -1.28094516101e-15, 0.000852817134161, 9.80896220444, 1.76718655523e-08, 0.0499975451218, 5.38027023669e-16, 2.45524364543e-05, -1.4265790003e-11, 0.999999999699
0.126019880855, -9.93666910841e-12, 1.54132539032, 0.180028401221, -1.41952415834e-11, 2.20189341474, 0.00511427809765, -1.99341806533e-14, -0.00167658876247, 9.81397939142, 1.76718674779e-08, 0.0499963651832, 1.85276482864e-16, 3.63541899434e-05, -1.09511954505e-11, 0.999999999339
0.11255019161, 3.12886753926e-11, 0.643346107336, 0.160785988014, 4.46981077037e-11, 0.919065867623, 0.00495449510679, 4.82120038297e-15, 0.000778385670268, 9.81902683957, 1.76718427348e-08, 0.0499975092234, 8.8990801079e-16, 2.49115322111e-05, -2.8067277681e-11, 0.99999999969
-0.120328746289, -6.10423822799e-13, 1.16191641926, -0.171898208984, -8.7203403257e-13, 1.65988059894, 0.0049707785696, -3.98213809464e-14, 0.00174257804874, 9.82406919709, 1.7671841745e-08, 0.0499970955718, -5.27323979767e-16, -2.90490613182e-05, -2.51420686403e-11, 0.999999999578
-0.114520992536, 5.93153396623e-11, 0.774732835724, -0.163601417908, 8.47361995176e-11, 1.10676119389, 0.00495365240647, 4.24021507265e-14, -0.000628723707813, 9.82910654132, 1.76718410266e-08, 0.0499950666085, -1.30148562307e-15, -4.9339939616e-05, -2.24595532413e-11, 0.999999998783
0.105363108315, -1.99239738493e-12, 0.164207221024, 0.150518726165, -2.84628197847e-12, 0.23458174432, 0.00513644280081, -1.43192149142e-14, -0.0012340451706, 9.83414391805, 1.76718595164e-08, 0.0499962354215, -1.616883236e-17, -3.76479872103e-05, -4.04418355031e-12, 0.999999999291
-0.113482029115, 4.77220326062e-12, 0.705468607655, -0.16211718445, 6.81743322946e-12, 1.00781229665, 0.00495409840867, 4.20026024787e-15, -0.000707372606019, 9.83917117592, 1.76718601185e-08, 0.0499950492315, 4.23813992376e-17, -4.95136117865e-05, -3.02260831777e-12, 0.999999998774
0.11053225358, 1.57703486159e-12, 0.50881690532, -0.180171329773, 4.84809855985e-12, 2.21142198489, 0.0051133832187, 7.35836533983e-15, 0.00164630916384, 9.84422375802, 1.76718590669e-08, 0.0499975770961, -9.90218574872e-17, 2.42325935664e-05, -3.439968847e-12, 0.999999999706
-0.0816607602846, 3.87651197007e-12, -1.41594931436, -0.116658228978, 5.53787424296e-12, -2.0227847348, 0.0051384241794, -8.94648272418e-15, -0.00104547572032, 9.84928133889, 1.76718553106e-08, 0.0499949981404, 4.83182133698e-16, 5.00240477391e-05, -6.00675489563e-12, 0.999999998749
-0.0990214242813, 6.24609911793e-12, -0.258571714577, -0.141459177545, 8.9229987399e-12, -0.369388163681, 0.00496314193012, 1.37194807594e-14, -0.00152280977087, 9.85431868737, 1.76718549784e-08, 0.0499966094398, 2.05613475431e-16, 3.39075668751e-05, -5.51943470195e-12, 0.999999999425
0.0898996232511, 2.08936118661e-11, -0.866691783263, -0.11593144232, -1.85125507942e-12, -2.0712371787, 0.00510014897759, 2.20470755784e-14, 0.00051578437848, 9.85933075153, 1.76718576778e-08, 0.0499971476377, 1.21856804259e-16, -2.85282936064e-05, -2.8175698626e-12, 0.999999999593
-0.0988596788746, 8.1125333345e-13, -0.269354741692, 0.123527782254, 1.04692910318e-10, -1.56481451641, 0.00496404916033, 3.46430901124e-15, -0.00156614227856, 9.86438828551, 1.7671859542e-08, 0.0499951096232, 1.19996083474e-16, -4.89080593317e-05, -9.11533294205e-13, 0.999999998804
-0.11231005954, -1.65998297047e-11, 0.627337302691, -0.160442942201, -2.37140424353e-11, 0.896196146702, 0.00497986477763, -2.17902154737e-14, 0.00169141497672, 9.86946605448, 1.76718458008e-08, 0.0499975173495, -5.11362262541e-16, -2.48302460905e-05, -1.2934526694e-11, 0.999999999692
-0.121896875745, 2.79544953475e-11, 1.26645838298, 0.171658836518, 2.6880610212e-12, 1.64392243452, 0.00495224220648, 1.72047311875e-14, 0.000102513509712, 9.8745135159, 1.76718449624e-08, 0.0499976795077, -4.31616038039e-16, -2.32070404423e-05, -1.20045155745e-11, 0.999999999731
-0.113352850794, -7.18373691661e-12, 0.696856719585, -0.161932643991, -1.02624813094e-11, 0.995509599407, 0.00509923591741, 4.75050377249e-12, -5.9386446483e-05, 9.87952571001, 1.76718443186e-08, 0.0499957644322, 6.7246347358e-16, 4.23622498957e-05, -1.08699312669e-11, 0.999999999103
-0.0915663423381, 2.98242397728e-11, -0.755577177457, -0.130809060483, 4.26060568183e-11, -1.0793959678, 0.00499413904014, 2.12738141354e-14, 0.000650200192149, 9.88457815087, 1.7671876372e-08, 0.0499976995421, 4.66396069931e-16, -2.30067468431e-05, 1.35505810768e-11, 0.999999999735
0.100752795631, -5.91752400716e-11, -0.143146957901, 0.143932565188, -8.45360572452e-11, -0.204495654145, 0.00510569441685, -1.17858871848e-15, 0.00124990450111, 9.88962560134, 1.76718770448e-08, 0.0499967843661, 5.29199830368e-16, -3.21582308251e-05, 1.22695924319e-11, 0.999999999483
-0.0876450128361, -2.09714054351e-11, -1.01699914426, -0.125207161194, -2.99591506216e-11, -1.45285592037, 0.00514216856159, 1.29515223036e-15, -0.000372181454079, 9.89467819046, 1.76718759794e-08, 0.0499951505294, -6.77802866113e-16, 4.85009755552e-05, 9.88310565089e-12, 0.999999998824
0.0949711950211, 2.45778315578e-12, -0.528586998595, -0.113868582442, 2.64758361e-12, -2.20876117054, 0.00512827230131, 7.54417184829e-15, -0.00165545429426, 9.89969536503, 1.76718713223e-08, 0.0499951928651, -9.82241432775e-17, 4.80753092675e-05, 5.37213823481e-12, 0.999999998844
-0.103328771136, -5.48400547044e-12, 0.0285847423785, 0.174622282132, 5.16676107629e-13, 1.84148547544, 0.00513775384683, 9.15886050672e-15, -0.00112204243083, 9.90471252823, 1.76718706605e-08, 0.049996355401, -2.26627464269e-16, 3.64481050605e-05, 4.09542670017e-12, 0.999999999336
0.0938952343865, 1.49293064939e-11, -0.600317707565, 0.134136049124, 2.13275807056e-11, -0.857596725093, 0.00499315130653, -5.31619705214e-15, -0.000827802268966, 9.90974987902, 1.76718731715e-08, 0.0499977395818, -1.47901231111e-16, 2.2607068513e-05, 5.30623931268e-12, 0.999999999744
-0.085979221037, 6.5971201759e-11, -1.12805193087, -0.122827458624, 9.42445739414e-11, -1.61150275839, 0.00509932334404, -1.38011579983e-13, -0.000134909249436, 9.91478726336, 1.76718751465e-08, 0.049995819384, -4.71648096535e-16, 4.18126993608e-05, 6.19737702139e-12, 0.999999999126
-0.0831012313157, 1.32208692946e-11, -1.31991791229, 0.116070357599, 1.06669876344e-11, -2.06197616008, 0.00514253855235, 1.20814289069e-14, -0.000157817334061, 9.91604913642, 1.76718751007e-08, 0.0499950205144, -1.23136013553e-16, 4.97997423574e-05, 5.97919720281e-12, 0.99999999876
